,Kingdom,Division,Class,Order,Family,Genus,Blast_Genus,Blast_based_species,GenBank_ID,X._identity,alignment_length,number_of_mismatches,number_of_gap_openings,start_of_alignment_in_query,end_of_alignment_in_query,X10.5,End_of_alignment_in_subject,e.value,bit_score,old_phylogeny,New_phylogeny,Notes,Letter,Clade_broad
seq_83,Fungi,Basidiomycota,Exobasidiomycetes,Malasseziales,Malasseziaceae,Malassezia,Malassezia,psittaci,KR872312.1,95.58,249,11,0,2,250,113,361,3.00E-110,399,M._japonia,Clade_A,M._japonia,A,Clade_A
seq_2687,Fungi,Basidiomycota,Exobasidiomycetes,Malasseziales,Malasseziaceae,Malassezia,Malassezia,restricta/arunalokei,KJ847248.2,100,250,0,0,1,250,127,376,5.00E-126,452,M._japonia,Clade_A,M._japonia,A,Clade_A
seq_3649,Fungi,Basidiomycota,Exobasidiomycetes,Malasseziales,Malasseziaceae,Malassezia,Malassezia,restricta/arunalokei,KJ847248.2,99.2,250,2,0,1,250,127,376,2.00E-123,443,M._japonia,Clade_A,M._japonia,A,Clade_A
seq_1081,Fungi,Basidiomycota,Exobasidiomycetes,Malasseziales,Malasseziaceae,Malassezia,Malassezia,japonica,BCKY01000012.1,100,250,0,0,1,250,3617,3368,5.00E-126,452,M._japonia,Clade_A,M._japonia,A,Clade_A
seq_1275,Fungi,Basidiomycota,Exobasidiomycetes,Malasseziales,Malasseziaceae,Malassezia,Malassezia,japonica,BCKY01000012.1,100,250,0,0,1,250,3617,3368,5.00E-126,452,M._japonia,Clade_A,M._japonia,A,Clade_A
seq_1026,Fungi,Basidiomycota,Exobasidiomycetes,Malasseziales,Malasseziaceae,Malassezia,Malassezia,japonica,BCKY01000012.1,100,250,0,0,1,250,3617,3368,5.00E-126,452,M._japonia,Clade_A,M._japonia,A,Clade_A
seq_1023,Fungi,Basidiomycota,Exobasidiomycetes,Malasseziales,Malasseziaceae,Malassezia,Malassezia,japonica,BCKY01000012.1,100,250,0,0,1,250,3617,3368,5.00E-126,452,M._japonia,Clade_A,M._japonia,A,Clade_A
seq_447,Fungi,Basidiomycota,Exobasidiomycetes,Malasseziales,Malasseziaceae,Malassezia,Malassezia,japonica,BCKY01000012.1,100,250,0,0,1,250,3617,3368,5.00E-126,452,M._japonia,Clade_A,M._japonia,A,Clade_A
seq_2371,Fungi,Basidiomycota,Exobasidiomycetes,Malasseziales,Malasseziaceae,Malassezia,Malassezia,japonica,BCKY01000012.1,100,250,0,0,1,250,3617,3368,5.00E-126,452,M._japonia,Clade_A,M._japonia,A,Clade_A
seq_2325,Fungi,Basidiomycota,Exobasidiomycetes,Malasseziales,Malasseziaceae,Malassezia,Malassezia,japonica,BCKY01000012.1,100,250,0,0,1,250,3617,3368,5.00E-126,452,M._japonia,Clade_A,M._japonia,A,Clade_A
seq_255,Fungi,Basidiomycota,Exobasidiomycetes,Malasseziales,Malasseziaceae,Malassezia,Malassezia,japonica,BCKY01000012.1,99.6,250,1,0,1,250,3617,3368,2.00E-124,446,M._japonia,Clade_A,M._japonia,A,Clade_A
seq_5288,Fungi,Basidiomycota,Exobasidiomycetes,Malasseziales,Malasseziaceae,Malassezia,Malassezia,japonica,BCKY01000012.1,100,250,0,0,1,250,3617,3368,5.00E-126,452,M._japonia,Clade_A,M._japonia,A,Clade_A
seq_540,Fungi,Basidiomycota,Exobasidiomycetes,Malasseziales,Malasseziaceae,Malassezia,Malassezia,japonica,BCKY01000012.1,100,250,0,0,1,250,3617,3368,5.00E-126,452,M._japonia,Clade_A,M._japonia,A,Clade_A
seq_886,Fungi,Basidiomycota,Exobasidiomycetes,Malasseziales,Malasseziaceae,Malassezia,Malassezia,japonica,BCKY01000012.1,100,250,0,0,1,250,3617,3368,5.00E-126,452,M._japonia,Clade_A,M._japonia,A,Clade_A
seq_339,Fungi,Basidiomycota,Exobasidiomycetes,Malasseziales,Malasseziaceae,Malassezia,Malassezia,japonica,BCKY01000012.1,99.6,250,1,0,1,250,3617,3368,2.00E-124,446,M._japonia,Clade_A,M._japonia,A,Clade_A
seq_112,Fungi,Basidiomycota,Exobasidiomycetes,Malasseziales,Malasseziaceae,Malassezia,Malassezia,japonica,BCKY01000012.1,99.6,250,1,0,1,250,3617,3368,2.00E-124,446,M._japonia,Clade_A,M._japonia,A,Clade_A
seq_5296,Fungi,Basidiomycota,Exobasidiomycetes,Malasseziales,Malasseziaceae,Malassezia,Malassezia,japonica,BCKY01000012.1,99.6,250,1,0,1,250,3617,3368,2.00E-124,446,M._japonia,Clade_A,M._japonia,A,Clade_A
seq_236,Fungi,Basidiomycota,Exobasidiomycetes,Malasseziales,Malasseziaceae,Malassezia,Malassezia,japonica,BCKY01000012.1,100,250,0,0,1,250,3617,3368,5.00E-126,452,M._japonia,Clade_A,M._japonia,A,Clade_A
seq_501,Fungi,Basidiomycota,Exobasidiomycetes,Malasseziales,Malasseziaceae,Malassezia,Malassezia,japonica,BCKY01000012.1,96.8,250,8,0,1,250,3615,3366,3.00E-115,416,M._japonia,Clade_A,M._japonia,A,Clade_A
seq_710,Fungi,Basidiomycota,Exobasidiomycetes,Malasseziales,Malasseziaceae,Malassezia,Malassezia,japonica,BCKY01000012.1,98,250,5,0,1,250,3615,3366,5.00E-119,428,M._japonia,Clade_A,M._japonia,A,Clade_A
seq_2750,Fungi,Basidiomycota,Exobasidiomycetes,Malasseziales,Malasseziaceae,Malassezia,Malassezia,japonica,BCKY01000012.1,99.52,210,1,0,41,250,3597,3388,1.00E-102,374,M._japonia,Clade_A,M._japonia,A,Clade_A
seq_2036,Fungi,Basidiomycota,Exobasidiomycetes,Malasseziales,Malasseziaceae,Malassezia,Malassezia,japonica,BCKY01000012.1,99.52,210,1,0,41,250,3597,3388,1.00E-102,374,M._japonia,Clade_A,M._japonia,A,Clade_A
seq_5030,Fungi,Basidiomycota,Exobasidiomycetes,Malasseziales,Malasseziaceae,Malassezia,Malassezia,japonica,BCKY01000012.1,100,203,0,0,48,250,3590,3388,2.00E-100,367,M._japonia,Clade_A,M._japonia,A,Clade_A
seq_3,Fungi,Basidiomycota,Exobasidiomycetes,Malasseziales,Malasseziaceae,Malassezia,Malassezia,japonica,BCKY01000012.1,100,250,0,0,1,250,3617,3368,5.00E-126,452,M._japonia,Clade_A,M._japonia,A,Clade_A
seq_633,Fungi,Basidiomycota,Exobasidiomycetes,Malasseziales,Malasseziaceae,Malassezia,Malassezia,japonica,BCKY01000012.1,100,250,0,0,1,250,3617,3368,5.00E-126,452,M._japonia,Clade_A,M._japonia,A,Clade_A
seq_926,Fungi,Basidiomycota,Exobasidiomycetes,Malasseziales,Malasseziaceae,Malassezia,Malassezia,japonica,BCKY01000012.1,100,250,0,0,1,250,3617,3368,5.00E-126,452,M._japonia,Clade_A,M._japonia,A,Clade_A
seq_46,Fungi,Basidiomycota,Exobasidiomycetes,Malasseziales,Malasseziaceae,Malassezia,Malassezia,japonica,BCKY01000012.1,100,250,0,0,1,250,3617,3368,5.00E-126,452,M._japonia,Clade_A,M._japonia,A,Clade_A
seq_3594,Fungi,Basidiomycota,Exobasidiomycetes,Malasseziales,Malasseziaceae,Malassezia,Malassezia,japonica,BCKY01000012.1,99.6,250,1,0,1,250,3617,3368,2.00E-124,446,M._japonia,Clade_A,M._japonia,A,Clade_A
seq_44,Fungi,Basidiomycota,Exobasidiomycetes,Malasseziales,Malasseziaceae,Malassezia,Malassezia,japonica,BCKY01000012.1,99.2,250,2,0,1,250,3617,3368,2.00E-123,443,M._japonia,Clade_A,M._japonia,A,Clade_A
seq_53,Fungi,Basidiomycota,Exobasidiomycetes,Malasseziales,Malasseziaceae,Malassezia,Malassezia,japonica,BCKY01000012.1,99.6,250,1,0,1,250,3617,3368,2.00E-124,446,M._japonia,Clade_A,M._japonia,A,Clade_A
seq_317,Fungi,Basidiomycota,Exobasidiomycetes,Malasseziales,Malasseziaceae,Malassezia,Malassezia,japonica,BCKY01000012.1,99.6,250,1,0,1,250,3617,3368,2.00E-124,446,M._japonia,Clade_A,M._japonia,A,Clade_A
seq_5284,Fungi,Basidiomycota,Exobasidiomycetes,Malasseziales,Malasseziaceae,Malassezia,Malassezia,japonica,BCKY01000012.1,100,250,0,0,1,250,3617,3368,5.00E-126,452,M._japonia,Clade_A,M._japonia,A,Clade_A
seq_245,Fungi,Basidiomycota,Exobasidiomycetes,Malasseziales,Malasseziaceae,Malassezia,Malassezia,japonica,BCKY01000012.1,100,250,0,0,1,250,3617,3368,5.00E-126,452,M._japonia,Clade_A,M._japonia,A,Clade_A
seq_438,Fungi,Basidiomycota,Exobasidiomycetes,Malasseziales,Malasseziaceae,Malassezia,Malassezia,japonica,BCKY01000012.1,99.6,250,1,0,1,250,3617,3368,2.00E-124,446,M._japonia,Clade_A,M._japonia,A,Clade_A
seq_952,Fungi,Basidiomycota,Exobasidiomycetes,Malasseziales,Malasseziaceae,Malassezia,Malassezia,japonica,BCKY01000012.1,98.81,253,0,1,1,250,3637,3385,9.00E-123,441,M._japonia,Clade_A,M._japonia,A,Clade_A
seq_1195,Fungi,Basidiomycota,Exobasidiomycetes,Malasseziales,Malasseziaceae,Malassezia,Malassezia,japonica,BCKY01000012.1,99.6,247,1,0,4,250,3631,3385,9.00E-123,441,M._japonia,Clade_A,M._japonia,A,Clade_A
seq_1351,Fungi,Basidiomycota,Exobasidiomycetes,Malasseziales,Malasseziaceae,Malassezia,Malassezia,japonica,BCKY01000012.1,97.6,250,5,1,1,250,3637,3389,8.00E-117,421,M._japonia,Clade_A,M._japonia,A,Clade_A
seq_2144,Fungi,Basidiomycota,Exobasidiomycetes,Malasseziales,Malasseziaceae,Malassezia,Malassezia,japonica,BCKY01000012.1,99.6,249,1,0,2,250,3635,3387,7.00E-124,444,M._japonia,Clade_A,M._japonia,A,Clade_A
seq_2904,Fungi,Basidiomycota,Exobasidiomycetes,Malasseziales,Malasseziaceae,Malassezia,Malassezia,japonica,BCKY01000012.1,96,250,9,1,1,250,3617,3369,2.00E-111,403,M._japonia,Clade_A,M._japonia,A,Clade_A
seq_4169,Fungi,Basidiomycota,Exobasidiomycetes,Malasseziales,Malasseziaceae,Malassezia,Malassezia,japonica,BCKY01000012.1,96.4,250,8,1,1,250,3617,3369,2.00E-112,407,M._japonia,Clade_A,M._japonia,A,Clade_A
seq_878,Fungi,Basidiomycota,Exobasidiomycetes,Malasseziales,Malasseziaceae,Malassezia,Malassezia,japonica,BCKY01000012.1,98.4,250,3,1,1,250,3617,3369,2.00E-119,430,M._japonia,Clade_A.1,M._japonia_like,A,Clade_A
seq_4763,Fungi,Basidiomycota,Exobasidiomycetes,NA,NA,NA,Malassezia,japonica,BCKY01000012.1,100,200,0,0,261,460,3281,3082,7.00E-99,361,M._japonia,Clade_A.1,M._japonia_like,A,Clade_A
seq_4771,Fungi,Basidiomycota,Exobasidiomycetes,NA,NA,NA,Malassezia,japonica,BCKY01000012.1,100,200,0,0,261,460,3281,3082,7.00E-99,361,M._japonia,Clade_A.1,M._japonia_like,A,Clade_A
seq_1115,Fungi,Basidiomycota,Exobasidiomycetes,Malasseziales,Malasseziaceae,Malassezia,Malassezia,japonica,BCKY01000012.1,94,250,14,1,1,250,3617,3369,2.00E-104,379,M._japonia,Clade_A.1,M._japonia_like,A,Clade_A
seq_3050,Fungi,Basidiomycota,Exobasidiomycetes,NA,NA,NA,Non_Malassezia,japonica,BCKY01000012.1,92,250,19,1,1,250,3615,3367,8.00E-98,358,M._japonia,Clade_A.1,M._japonia_like,A,Clade_A
seq_332,Fungi,Basidiomycota,Exobasidiomycetes,Malasseziales,Malasseziaceae,Malassezia,Malassezia,japonica,BCKY01000012.1,92.8,250,18,0,1,250,3615,3366,1.00E-101,370,M._japonia,Clade_A.1,M._japonia_like,A,Clade_A
seq_514,Fungi,Basidiomycota,Exobasidiomycetes,Malasseziales,Malasseziaceae,Malassezia,Malassezia,japonica,BCKY01000012.1,93.6,250,16,0,1,250,3615,3366,2.00E-104,379,M._japonia,Clade_A.1,M._japonia_like,A,Clade_A
seq_603,Fungi,Basidiomycota,Exobasidiomycetes,Malasseziales,Malasseziaceae,Malassezia,Malassezia,japonica,BCKY01000012.1,94,250,15,0,1,250,3615,3366,2.00E-105,383,M._japonia,Clade_A.1,M._japonia_like,A,Clade_A
seq_2896,Fungi,Basidiomycota,Exobasidiomycetes,Malasseziales,Malasseziaceae,Malassezia,Malassezia,japonica,BCKY01000012.1,100,200,0,0,261,460,3281,3082,7.00E-99,361,M._japonia,Clade_A.1,M._japonia_like,A,Clade_A
seq_4788,Fungi,Basidiomycota,NA,NA,NA,NA,Malassezia,japonica,BCKY01000012.1,100,200,0,0,261,460,3281,3082,7.00E-99,361,M._japonia,Clade_A.1,M._japonia_like,A,Clade_A
seq_1057,Fungi,Basidiomycota,Exobasidiomycetes,Ceraceosorales,Ceraceosoraceae,Ceraceosorus,Malassezia,japonica,BCKY01000012.1,100,200,0,0,261,460,3281,3082,7.00E-99,361,M._japonia,Clade_A.1,M._japonia_like,A,Clade_A
seq_665,Fungi,Basidiomycota,Exobasidiomycetes,NA,NA,NA,Malassezia,japonica,BCKY01000012.1,100,200,0,0,261,460,3281,3082,7.00E-99,361,M._japonia,Clade_A.1,M._japonia_like,A,Clade_A
seq_758,Fungi,Basidiomycota,Exobasidiomycetes,NA,NA,NA,Malassezia,japonica,BCKY01000012.1,100,200,0,0,261,460,3281,3082,7.00E-99,361,M._japonia,Clade_A.1,M._japonia_like,A,Clade_A
seq_1027,Fungi,Basidiomycota,Exobasidiomycetes,Malasseziales,Malasseziaceae,Malassezia,Malassezia,japonica,BCKY01000012.1,100,200,0,0,261,460,3281,3082,7.00E-99,361,M._japonia,Clade_A.1,M._japonia_like,A,Clade_A
seq_1563,Fungi,Basidiomycota,Exobasidiomycetes,Malasseziales,Malasseziaceae,Malassezia,Malassezia,japonica,BCKY01000012.1,100,200,0,0,261,460,3281,3082,7.00E-99,361,M._japonia,Clade_A.1,M._japonia_like,A,Clade_A
seq_1685,Fungi,Basidiomycota,Exobasidiomycetes,Malasseziales,Malasseziaceae,Malassezia,Malassezia,japonica,BCKY01000012.1,100,250,0,0,1,250,3617,3368,5.00E-126,452,cuniculi/vespertilionis,Malassezia_sp.,NA,K,Clade_K
seq_2209,Fungi,Basidiomycota,Exobasidiomycetes,Malasseziales,Malasseziaceae,Malassezia,Malassezia,japonica,BCKY01000012.1,100,250,0,0,1,250,3617,3368,5.00E-126,452,cuniculi/vespertilionis,Clade_D.1,M._cuniculi_group,D,Clade_D
seq_77,Fungi,Basidiomycota,Exobasidiomycetes,Malasseziales,Malasseziaceae,Malassezia,Malassezia,japonica,BCKY01000012.1,100,250,0,0,1,250,3617,3368,5.00E-126,452,cuniculi/vespertilionis,Clade_D.1,M._cuniculi_group,D,Clade_D
seq_1900,Fungi,Basidiomycota,Exobasidiomycetes,Malasseziales,Malasseziaceae,Malassezia,Malassezia,japonica,BCKY01000012.1,100,250,0,0,1,250,3617,3368,5.00E-126,452,cuniculi/vespertilionis,Clade_D.1,M._cuniculi_group,D,Clade_D
seq_1786,Fungi,Basidiomycota,Exobasidiomycetes,Malasseziales,Malasseziaceae,Malassezia,Malassezia,japonica,BCKY01000012.1,100,250,0,0,1,250,3617,3368,5.00E-126,452,cuniculi/vespertilionis,Clade_D.1,M._cuniculi_group,D,Clade_D
seq_2375,Fungi,Basidiomycota,Exobasidiomycetes,Malasseziales,Malasseziaceae,Malassezia,Malassezia,japonica,BCKY01000012.1,100,250,0,0,1,250,3617,3368,5.00E-126,452,cuniculi/vespertilionis,Clade_D.2,M._cuniculi_group,D,Clade_D
seq_1240,Fungi,Basidiomycota,Exobasidiomycetes,Malasseziales,Malasseziaceae,Malassezia,Malassezia,psittaci,KR872312.1,95.58,249,11,0,2,250,113,361,3.00E-110,399,cuniculi/vespertilionis,Clade_D.4,M._cuniculi_group,D,Clade_D
seq_2373,Fungi,Basidiomycota,Exobasidiomycetes,Malasseziales,Malasseziaceae,Malassezia,Malassezia,psittaci,KR872312.1,95.58,249,11,0,2,250,113,361,3.00E-110,399,cuniculi/vespertilionis,Clade_D.4,M._cuniculi_group,D,Clade_D
seq_226,Fungi,Basidiomycota,Exobasidiomycetes,Malasseziales,Malasseziaceae,Malassezia,Malassezia,brasiliensis,KR872314.1,95.58,249,11,0,2,250,113,361,3.00E-110,399,cuniculi/vespertilionis,Clade_D.4,M._cuniculi_group,D,Clade_D
seq_1696,Fungi,Basidiomycota,Exobasidiomycetes,Malasseziales,Malasseziaceae,Malassezia,Malassezia,psittaci,KR872312.1,95.58,249,11,0,2,250,113,361,3.00E-110,399,cuniculi/vespertilionis,Clade_D.4,M._cuniculi_group,D,Clade_D
seq_345,Fungi,Basidiomycota,Exobasidiomycetes,Malasseziales,Malasseziaceae,Malassezia,Malassezia,psittaci,KR872312.1,95.58,249,11,0,2,250,113,361,3.00E-110,399,cuniculi/vespertilionis,Clade_D.4,M._cuniculi_group,D,Clade_D
seq_290,Fungi,Basidiomycota,Exobasidiomycetes,Malasseziales,Malasseziaceae,Malassezia,Malassezia,sympodialis,NW_017387817.1,94.8,250,13,0,1,250,99781,100030,4.00E-108,392,cuniculi/vespertilionis,Clade_D.4,M._cuniculi_group,D,Clade_D
seq_33,Fungi,Basidiomycota,Exobasidiomycetes,Malasseziales,Malasseziaceae,Malassezia,Malassezia,psittaci,KR872312.1,95.58,249,11,0,2,250,113,361,3.00E-110,399,cuniculi/vespertilionis,Clade_D.4,M._cuniculi_group,D,Clade_D
seq_821,Fungi,Basidiomycota,Exobasidiomycetes,Malasseziales,Malasseziaceae,Malassezia,Malassezia,psittaci,KR872312.1,95.18,249,12,0,2,250,113,361,3.00E-109,396,cuniculi/vespertilionis,Clade_D.4,M._cuniculi_group,D,Clade_D
seq_5130,Fungi,Basidiomycota,Exobasidiomycetes,Malasseziales,Malasseziaceae,Malassezia,Malassezia,psittaci,KR872312.1,95.58,249,11,0,2,250,113,361,3.00E-110,399,cuniculi/vespertilionis,Clade_D.4,M._cuniculi_group,D,Clade_D
seq_4757,Fungi,Basidiomycota,Exobasidiomycetes,Malasseziales,Malasseziaceae,Malassezia,Non_Malassezia,brasiliensis,KR872314.1,91.6,250,20,1,1,250,114,362,3.00E-96,352,cuniculi/vespertilionis,Clade_D.5,M._cuniculi_group,D,Clade_D
seq_5458,Fungi,Basidiomycota,Exobasidiomycetes,Malasseziales,Malasseziaceae,Malassezia,Non_Malassezia,brasiliensis,KR872314.1,91.97,249,20,0,2,250,113,361,2.00E-98,360,cuniculi/vespertilionis,Clade_D.5,M._cuniculi_group,D,Clade_D
seq_1839,Fungi,Basidiomycota,Exobasidiomycetes,Malasseziales,Malasseziaceae,Malassezia,Non_Malassezia,brasiliensis,KR872314.1,91.97,249,20,0,2,250,113,361,2.00E-98,360,cuniculi/vespertilionis,Clade_D.5,M._cuniculi_group,D,Clade_D
seq_2037,Fungi,Basidiomycota,Exobasidiomycetes,Malasseziales,Malasseziaceae,Malassezia,Non_Malassezia,brasiliensis,KR872314.1,91.97,249,20,0,2,250,113,361,2.00E-98,360,cuniculi/vespertilionis,Clade_D.5,M._cuniculi_group,D,Clade_D
seq_1640,Fungi,Basidiomycota,Exobasidiomycetes,Malasseziales,Malasseziaceae,Malassezia,Non_Malassezia,brasiliensis,KR872314.1,91.97,249,20,0,2,250,113,361,2.00E-98,360,cuniculi/vespertilionis,Clade_D.5,M._cuniculi_group,D,Clade_D
seq_1484,Fungi,Basidiomycota,Exobasidiomycetes,Malasseziales,Malasseziaceae,Malassezia,Non_Malassezia,brasiliensis,KR872314.1,91.97,249,20,0,2,250,113,361,2.00E-98,360,cuniculi/vespertilionis,Clade_D.5,M._cuniculi_group,D,Clade_D
seq_362,Fungi,Basidiomycota,Exobasidiomycetes,Malasseziales,Malasseziaceae,Malassezia,Non_Malassezia,brasiliensis,KR872314.1,91.97,249,20,0,2,250,113,361,2.00E-98,360,cuniculi/vespertilionis,Clade_D.5,M._cuniculi_group,D,Clade_D
seq_811,Fungi,Basidiomycota,Exobasidiomycetes,Malasseziales,Malasseziaceae,Malassezia,Non_Malassezia,brasiliensis,KR872314.1,91.97,249,20,0,2,250,113,361,2.00E-98,360,cuniculi/vespertilionis,Clade_D.5,M._cuniculi_group,D,Clade_D
seq_212,Fungi,Basidiomycota,Exobasidiomycetes,Malasseziales,Malasseziaceae,Malassezia,Non_Malassezia,brasiliensis,KR872314.1,91.97,249,20,0,2,250,113,361,2.00E-98,360,cuniculi/vespertilionis,Clade_D.5,M._cuniculi_group,D,Clade_D
seq_331,Fungi,Basidiomycota,Exobasidiomycetes,Malasseziales,Malasseziaceae,Malassezia,Non_Malassezia,brasiliensis,KR872314.1,91.97,249,20,0,2,250,113,361,2.00E-98,360,cuniculi/vespertilionis,Clade_D.5,M._cuniculi_group,D,Clade_D
seq_3253,Fungi,Basidiomycota,Exobasidiomycetes,Malasseziales,Malasseziaceae,Malassezia,Non_Malassezia,brasiliensis,KR872314.1,91.97,249,20,0,2,250,113,361,2.00E-98,360,cuniculi/vespertilionis,Clade_D.5,M._cuniculi_group,D,Clade_D
seq_494,Fungi,Basidiomycota,Exobasidiomycetes,Malasseziales,Malasseziaceae,Malassezia,Non_Malassezia,brasiliensis,KR872314.1,91.57,249,21,0,2,250,113,361,1.00E-96,354,cuniculi/vespertilionis,Clade_D.5,M._cuniculi_group,D,Clade_D
seq_2642,Fungi,Basidiomycota,Exobasidiomycetes,NA,NA,NA,Non_Malassezia,japonica,BCKY01000012.1,88.8,250,28,0,1,250,3637,3388,5.00E-88,325,cuniculi/vespertilionis,Clade_D.5,M._cuniculi_group,D,Clade_D
seq_454,Fungi,Basidiomycota,Exobasidiomycetes,Malasseziales,Malasseziaceae,Malassezia,Non_Malassezia,brasiliensis,KR872314.1,91.97,249,20,0,2,250,113,361,2.00E-98,360,cuniculi/vespertilionis,Clade_D.5,M._cuniculi_group,D,Clade_D
seq_537,Fungi,Basidiomycota,Exobasidiomycetes,Malasseziales,Malasseziaceae,Malassezia,Non_Malassezia,brasiliensis,KR872314.1,91.97,249,20,0,2,250,113,361,2.00E-98,360,cuniculi/vespertilionis,Clade_D.5,M._cuniculi_group,D,Clade_D
seq_209,Fungi,Basidiomycota,Exobasidiomycetes,Malasseziales,Malasseziaceae,Malassezia,Non_Malassezia,sympodialis,NW_017387817.1,91.2,250,22,0,1,250,99781,100030,3.00E-96,352,cuniculi/vespertilionis,Clade_D.5,M._cuniculi_group,D,Clade_D
seq_21,Fungi,Basidiomycota,Exobasidiomycetes,Malasseziales,Malasseziaceae,Malassezia,Non_Malassezia,brasiliensis,KR872314.1,91.97,249,20,0,2,250,113,361,2.00E-98,360,cuniculi/vespertilionis,Clade_D.5,M._cuniculi_group,D,Clade_D
seq_130,Fungi,Basidiomycota,Exobasidiomycetes,Malasseziales,Malasseziaceae,Malassezia,Non_Malassezia,brasiliensis,KR872314.1,91.97,249,20,0,2,250,113,361,2.00E-98,360,cuniculi/vespertilionis,Clade_D.5,M._cuniculi_group,D,Clade_D
seq_1405,Fungi,Basidiomycota,Exobasidiomycetes,Malasseziales,Malasseziaceae,Malassezia,Non_Malassezia,brasiliensis,KR872314.1,91.97,249,20,0,2,250,113,361,2.00E-98,360,cuniculi/vespertilionis,Clade_D.5,M._cuniculi_group,D,Clade_D
seq_1100,Fungi,Basidiomycota,Exobasidiomycetes,Malasseziales,Malasseziaceae,Malassezia,Malassezia,psittaci,KR872312.1,97.19,249,7,0,2,250,113,361,1.00E-115,417,NA,Malassezia_sp.,incerate_sedis,L,Clade_L
seq_313,Fungi,Basidiomycota,Exobasidiomycetes,Malasseziales,Malasseziaceae,Malassezia,Malassezia,sympodialis,NW_017387817.1,100,250,0,0,1,250,99781,100030,5.00E-126,452,M._sympodialis,Clade_G.2,M._sympodialis,G,Clade_G
seq_1052,Fungi,Basidiomycota,Exobasidiomycetes,Malasseziales,Malasseziaceae,Malassezia,Malassezia,sympodialis,NW_017387817.1,100,250,0,0,1,250,99781,100030,5.00E-126,452,M._sympodialis,Clade_G.2,M._sympodialis,G,Clade_G
seq_34,Fungi,Basidiomycota,Exobasidiomycetes,Malasseziales,Malasseziaceae,Malassezia,Malassezia,sympodialis,NW_017387817.1,100,250,0,0,1,250,99781,100030,5.00E-126,452,M._sympodialis,Clade_G.2,M._sympodialis,G,Clade_G
seq_4755,Fungi,Basidiomycota,Exobasidiomycetes,Malasseziales,Malasseziaceae,Malassezia,Malassezia,restricta/arunalokei,KJ847248.2,100,250,0,0,1,250,127,376,5.00E-126,452,M._sympodialis,Clade_G.2,M._sympodialis,G,Clade_G
seq_5315,Fungi,Basidiomycota,Exobasidiomycetes,Malasseziales,Malasseziaceae,Malassezia,Malassezia,restricta/arunalokei,KJ847248.2,100,250,0,0,1,250,127,376,5.00E-126,452,M._sympodialis,Clade_G.2,M._sympodialis,G,Clade_G
seq_249,Fungi,Basidiomycota,Exobasidiomycetes,Malasseziales,Malasseziaceae,Malassezia,Malassezia,sympodialis,NW_017387817.1,99.2,250,2,0,1,250,99781,100030,2.00E-123,443,M._sympodialis,Clade_G.2,M._sympodialis,G,Clade_G
seq_315,Fungi,Basidiomycota,Exobasidiomycetes,Malasseziales,Malasseziaceae,Malassezia,Malassezia,sympodialis,NW_017387817.1,99.2,250,2,0,1,250,99781,100030,2.00E-123,443,M._sympodialis,Clade_G.2,M._sympodialis,G,Clade_G
seq_27,Fungi,Basidiomycota,Exobasidiomycetes,Malasseziales,Malasseziaceae,Malassezia,Malassezia,sympodialis,NW_017387817.1,100,250,0,0,1,250,99781,100030,5.00E-126,452,M._sympodialis,Clade_G.2,M._sympodialis,G,Clade_G
seq_5176,Fungi,Basidiomycota,Exobasidiomycetes,Malasseziales,Malasseziaceae,Malassezia,Malassezia,japonica,BCKY01000012.1,100,250,0,0,1,250,3617,3368,5.00E-126,452,NA,Clade_I,M._restricta/M._globosa,I,Clade_I
seq_2889,Fungi,Basidiomycota,Exobasidiomycetes,Malasseziales,Malasseziaceae,Malassezia,Malassezia,japonica,BCKY01000012.1,100,250,0,0,1,250,3617,3368,5.00E-126,452,NA,Clade_I,M._restricta/M._globosa,I,Clade_I
seq_4167,Fungi,Basidiomycota,Exobasidiomycetes,Malasseziales,Malasseziaceae,Malassezia,Malassezia,japonica,BCKY01000012.1,100,250,0,0,1,250,3617,3368,5.00E-126,452,NA,Clade_I,M._restricta/M._globosa,I,Clade_I
seq_4196,Fungi,Basidiomycota,Exobasidiomycetes,Malasseziales,Malasseziaceae,Malassezia,Malassezia,globosa,NW_001849859.1,100,250,0,0,1,250,139716,139965,5.00E-126,452,NA,Clade_I,M._restricta/M._globosa,I,Clade_I
seq_1229,Fungi,Basidiomycota,Exobasidiomycetes,Malasseziales,Malasseziaceae,Malassezia,Malassezia,globosa,NW_001849859.1,100,250,0,0,1,250,139716,139965,5.00E-126,452,NA,Clade_I,M._restricta/M._globosa,I,Clade_I
seq_5015,Fungi,Basidiomycota,Exobasidiomycetes,Malasseziales,Malasseziaceae,Malassezia,Malassezia,globosa,NW_001849859.1,100,250,0,0,1,250,139716,139965,5.00E-126,452,NA,Clade_I,M._restricta/M._globosa,I,Clade_I
seq_3057,Fungi,Basidiomycota,Exobasidiomycetes,Malasseziales,Malasseziaceae,Malassezia,Malassezia,globosa,NW_001849859.1,100,250,0,0,1,250,139716,139965,5.00E-126,452,NA,Clade_I,M._restricta/M._globosa,I,Clade_I
seq_5144,Fungi,Basidiomycota,Exobasidiomycetes,Malasseziales,Malasseziaceae,Malassezia,Malassezia,globosa,NW_001849859.1,100,250,0,0,1,250,139716,139965,5.00E-126,452,NA,Clade_I,M._restricta/M._globosa,I,Clade_I
seq_4545,Fungi,Basidiomycota,Exobasidiomycetes,Malasseziales,Malasseziaceae,Malassezia,Malassezia,restricta,NC_040196.1,100,200,0,0,261,460,729835,730034,7.00E-99,361,NA,Clade_I,M._restricta/M._globosa,I,Clade_I
seq_3305,Fungi,Basidiomycota,Exobasidiomycetes,Malasseziales,Malasseziaceae,Malassezia,Malassezia,restricta,NC_040196.1,100,200,0,0,261,460,729835,730034,7.00E-99,361,NA,Clade_I,M._restricta/M._globosa,I,Clade_I
seq_3027,Fungi,Basidiomycota,Exobasidiomycetes,Malasseziales,Malasseziaceae,Malassezia,Malassezia,restricta,NC_040196.1,100,200,0,0,261,460,729835,730034,7.00E-99,361,NA,Clade_I,M._restricta/M._globosa,I,Clade_I
seq_3707,Fungi,Basidiomycota,Exobasidiomycetes,Malasseziales,Malasseziaceae,Malassezia,Malassezia,restricta,NC_040196.1,99.5,200,1,0,261,460,729835,730034,3.00E-97,356,NA,Clade_I,M._restricta/M._globosa,I,Clade_I
seq_2460,Fungi,Basidiomycota,Exobasidiomycetes,Malasseziales,Malasseziaceae,Malassezia,Non_Malassezia,restricta/arunalokei,KJ847248.2,91.7,253,16,2,1,250,127,377,8.00E-98,358,NA,Clade_I,M._restricta/M._globosa,I,Clade_I
seq_2458,Fungi,Basidiomycota,Exobasidiomycetes,Malasseziales,Malasseziaceae,Malassezia,Malassezia,restricta,NC_040196.1,100,200,0,0,261,460,729835,730034,7.00E-99,361,NA,Clade_I,M._restricta/M._globosa,I,Clade_I
seq_1829,Fungi,Basidiomycota,Exobasidiomycetes,Malasseziales,Malasseziaceae,Malassezia,Malassezia,restricta,NC_040196.1,100,200,0,0,261,460,729835,730034,7.00E-99,361,NA,Clade_I,M._restricta/M._globosa,I,Clade_I
seq_1737,Fungi,Basidiomycota,Exobasidiomycetes,Malasseziales,Malasseziaceae,Malassezia,Malassezia,restricta,NC_040196.1,99.5,200,1,0,261,460,729835,730034,3.00E-97,356,NA,Clade_I,M._restricta/M._globosa,I,Clade_I
seq_3219,Fungi,Basidiomycota,Exobasidiomycetes,Malasseziales,Malasseziaceae,Malassezia,Malassezia,restricta,NC_040196.1,99.5,200,1,0,261,460,729835,730034,3.00E-97,356,NA,Clade_I,M._restricta/M._globosa,I,Clade_I
seq_3625,Fungi,Basidiomycota,Exobasidiomycetes,Malasseziales,Malasseziaceae,Malassezia,Malassezia,restricta,NC_040196.1,99.5,200,1,0,261,460,729835,730034,3.00E-97,356,NA,Clade_I,M._restricta/M._globosa,I,Clade_I
seq_5274,Fungi,Basidiomycota,Exobasidiomycetes,Malasseziales,Malasseziaceae,Malassezia,Malassezia,restricta,NC_040196.1,100,200,0,0,261,460,729835,730034,7.00E-99,361,NA,Clade_I,M._restricta/M._globosa,I,Clade_I
seq_1863,Fungi,Basidiomycota,Exobasidiomycetes,Malasseziales,Malasseziaceae,Malassezia,Malassezia,japonica,BCKY01000012.1,100,200,0,0,261,460,3281,3082,7.00E-99,361,NA,Clade_I,M._restricta/M._globosa,I,Clade_I
seq_2246,Fungi,Basidiomycota,Exobasidiomycetes,Malasseziales,Malasseziaceae,Malassezia,Malassezia,japonica,BCKY01000012.1,100,200,0,0,261,460,3281,3082,7.00E-99,361,NA,Clade_I,M._restricta/M._globosa,I,Clade_I
seq_2134,Fungi,Basidiomycota,Exobasidiomycetes,Malasseziales,Malasseziaceae,Malassezia,Malassezia,restricta,NC_040196.1,99,200,2,0,261,460,729835,730034,3.00E-96,352,NA,Clade_I,M._restricta/M._globosa,I,Clade_I
seq_648,Fungi,Basidiomycota,Exobasidiomycetes,Malasseziales,Malasseziaceae,Malassezia,Malassezia,globosa,NW_001849859.1,99.5,200,1,0,261,460,140054,140253,3.00E-97,356,NA,Clade_I,M._restricta/M._globosa,I,Clade_I
seq_1495,Fungi,Basidiomycota,Exobasidiomycetes,Malasseziales,Malasseziaceae,Malassezia,Malassezia,globosa,NW_001849859.1,99.5,200,1,0,261,460,140054,140253,3.00E-97,356,NA,Clade_I,M._restricta/M._globosa,I,Clade_I
seq_2323,Fungi,Basidiomycota,Exobasidiomycetes,Malasseziales,Malasseziaceae,Malassezia,Malassezia,globosa,NW_001849859.1,99.5,200,1,0,261,460,140054,140253,3.00E-97,356,NA,Clade_I,M._restricta/M._globosa,I,Clade_I
seq_2669,Fungi,Basidiomycota,Exobasidiomycetes,Malasseziales,Malasseziaceae,Malassezia,Malassezia,globosa,NW_001849859.1,99.5,200,1,0,261,460,140054,140253,3.00E-97,356,NA,Clade_I,M._restricta/M._globosa,I,Clade_I
seq_3685,Fungi,Basidiomycota,Exobasidiomycetes,Malasseziales,Malasseziaceae,Malassezia,Malassezia,restricta/arunalokei,KJ847248.2,96,250,10,0,1,250,127,376,2.00E-112,407,NA,Clade_J.1,M._restricta_like,J,Clade_J
seq_4105,Fungi,Basidiomycota,Exobasidiomycetes,Malasseziales,Malasseziaceae,Malassezia,Malassezia,restricta/arunalokei,KJ847248.2,94.8,250,13,0,1,250,127,376,4.00E-108,392,NA,Clade_J.1,M._restricta_like,J,Clade_J
seq_4109,Fungi,Basidiomycota,Exobasidiomycetes,Malasseziales,Malasseziaceae,Malassezia,Malassezia,restricta/arunalokei,KJ847248.2,94.8,250,12,1,1,250,127,375,5.00E-107,389,NA,Clade_J.1,M._restricta_like,J,Clade_J
seq_1984,Fungi,Basidiomycota,Exobasidiomycetes,Malasseziales,Malasseziaceae,Malassezia,Malassezia,restricta/arunalokei,KJ847248.2,97.19,249,7,0,2,250,127,375,1.00E-115,417,NA,Clade_J.1,M._restricta_like,J,Clade_J
seq_773,Fungi,Basidiomycota,Exobasidiomycetes,Malasseziales,Malasseziaceae,Malassezia,Malassezia,restricta/arunalokei,KJ847248.2,94.78,249,13,0,2,250,127,375,1.00E-107,390,NA,Clade_J.1,M._restricta_like,J,Clade_J
seq_1311,Fungi,Basidiomycota,Exobasidiomycetes,Malasseziales,Malasseziaceae,Malassezia,Malassezia,restricta/arunalokei,KJ847248.2,94.38,249,14,0,2,250,127,375,2.00E-106,387,NA,Clade_J.1,M._restricta_like,J,Clade_J
seq_1104,Fungi,Basidiomycota,Exobasidiomycetes,Malasseziales,Malasseziaceae,Malassezia,Malassezia,restricta/arunalokei,KJ847248.2,94.38,249,14,0,2,250,127,375,2.00E-106,387,NA,Clade_J.1,M._restricta_like,J,Clade_J
seq_5386,Fungi,Basidiomycota,Exobasidiomycetes,Malasseziales,Malasseziaceae,Malassezia,Malassezia,restricta/arunalokei,KJ847248.2,94.4,250,14,0,1,250,127,376,5.00E-107,389,NA,Clade_J.1,M._restricta_like,J,Clade_J
seq_5289,Fungi,Basidiomycota,Exobasidiomycetes,Malasseziales,Malasseziaceae,Malassezia,Malassezia,restricta/arunalokei,KJ847248.2,99.6,250,1,0,1,250,127,376,2.00E-124,446,NA,Clade_J.1,M._restricta_like,J,Clade_J
seq_857,Fungi,Basidiomycota,Exobasidiomycetes,Malasseziales,Malasseziaceae,Malassezia,Malassezia,restricta/arunalokei,KJ847248.2,99.6,250,1,0,1,250,127,376,2.00E-124,446,NA,Clade_J.1,M._restricta_like,J,Clade_J
seq_2243,Fungi,Basidiomycota,Exobasidiomycetes,Malasseziales,Malasseziaceae,Malassezia,Malassezia,restricta/arunalokei,KJ847248.2,98.01,251,4,1,1,250,107,357,2.00E-118,426,NA,Clade_J.1,M._restricta_like,J,Clade_J
seq_7,Fungi,Basidiomycota,Exobasidiomycetes,Malasseziales,Malasseziaceae,Malassezia,Malassezia,restricta/arunalokei,KJ847248.2,99.6,250,1,0,1,250,127,376,2.00E-124,446,NA,Clade_J.1,M._restricta_like,J,Clade_J
seq_1191,Fungi,Basidiomycota,Exobasidiomycetes,Malasseziales,Malasseziaceae,Malassezia,Malassezia,restricta/arunalokei,KJ847248.2,99.6,250,1,0,1,250,127,376,2.00E-124,446,NA,Clade_J.1,M._restricta_like,J,Clade_J
seq_526,Fungi,Basidiomycota,Exobasidiomycetes,Malasseziales,Malasseziaceae,Malassezia,Malassezia,restricta/arunalokei,KJ847248.2,99.2,250,2,0,1,250,127,376,2.00E-123,443,NA,Clade_J.1,M._restricta_like,J,Clade_J
seq_190,Fungi,Basidiomycota,Exobasidiomycetes,Malasseziales,Malasseziaceae,Malassezia,Malassezia,restricta/arunalokei,KJ847248.2,99.6,250,1,0,1,250,127,376,2.00E-124,446,NA,Clade_J.1,M._restricta_like,J,Clade_J
seq_41,Fungi,Basidiomycota,Exobasidiomycetes,Malasseziales,Malasseziaceae,Malassezia,Malassezia,restricta/arunalokei,KJ847248.2,100,250,0,0,1,250,127,376,5.00E-126,452,NA,Clade_J.1,M._restricta_like,J,Clade_J
seq_40,Fungi,Basidiomycota,Exobasidiomycetes,Malasseziales,Malasseziaceae,Malassezia,Malassezia,restricta/arunalokei,KJ847248.2,100,250,0,0,1,250,127,376,5.00E-126,452,NA,Clade_J.1,M._restricta_like,J,Clade_J
seq_35,Fungi,Basidiomycota,Exobasidiomycetes,Malasseziales,Malasseziaceae,Malassezia,Malassezia,restricta/arunalokei,KJ847248.2,100,250,0,0,1,250,127,376,5.00E-126,452,NA,Clade_J.1,M._restricta_like,J,Clade_J
seq_168,Fungi,Basidiomycota,Exobasidiomycetes,Malasseziales,Malasseziaceae,Malassezia,Malassezia,restricta/arunalokei,KJ847248.2,99.6,250,1,0,1,250,127,376,2.00E-124,446,NA,Clade_J.1,M._restricta_like,J,Clade_J
seq_38,Fungi,Basidiomycota,Exobasidiomycetes,Malasseziales,Malasseziaceae,Malassezia,Malassezia,restricta/arunalokei,KJ847248.2,100,250,0,0,1,250,127,376,5.00E-126,452,NA,Clade_J.1,M._restricta_like,J,Clade_J
seq_1020,Fungi,Basidiomycota,Exobasidiomycetes,Malasseziales,Malasseziaceae,Malassezia,Malassezia,restricta/arunalokei,KJ847248.2,98.01,251,4,1,1,250,107,357,2.00E-118,426,NA,Clade_J.1,M._restricta_like,J,Clade_J
seq_1672,Fungi,Basidiomycota,Exobasidiomycetes,Malasseziales,Malasseziaceae,Malassezia,Malassezia,restricta/arunalokei,KJ847248.2,98.02,253,2,1,1,250,107,359,4.00E-120,432,NA,Clade_J.1,M._restricta_like,J,Clade_J
seq_602,Fungi,Basidiomycota,Exobasidiomycetes,Malasseziales,Malasseziaceae,Malassezia,Malassezia,restricta/arunalokei,KJ847248.2,99.6,249,1,0,2,250,109,357,7.00E-124,444,NA,Clade_J.1,M._restricta_like,J,Clade_J
seq_1647,Fungi,Basidiomycota,Exobasidiomycetes,Malasseziales,Malasseziaceae,Malassezia,Malassezia,restricta/arunalokei,KJ847248.2,98.8,250,0,1,1,250,107,353,4.00E-121,435,NA,Clade_J.1,M._restricta_like,J,Clade_J
seq_1502,Fungi,Basidiomycota,Exobasidiomycetes,Malasseziales,Malasseziaceae,Malassezia,Malassezia,restricta/arunalokei,KJ847248.2,98.42,253,1,1,1,250,107,359,1.00E-121,437,NA,Clade_J.1,M._restricta_like,J,Clade_J
seq_1308,Fungi,Basidiomycota,Exobasidiomycetes,Malasseziales,Malasseziaceae,Malassezia,Malassezia,restricta/arunalokei,KJ847248.2,98.81,253,0,1,1,250,107,359,9.00E-123,441,NA,Clade_J.1,M._restricta_like,J,Clade_J
seq_3565,Fungi,Basidiomycota,Exobasidiomycetes,Malasseziales,Malasseziaceae,Malassezia,Malassezia,restricta/arunalokei,KJ847248.2,96,250,9,1,1,250,127,375,2.00E-111,403,M._restricta,Clade_J.1,M._restricta_like,J,Clade_J
seq_1039,Fungi,Basidiomycota,Exobasidiomycetes,Malasseziales,Malasseziaceae,Malassezia,Malassezia,restricta/arunalokei,KJ847248.2,99.2,250,2,0,1,250,127,376,2.00E-123,443,NA,Clade_J.1,M._restricta_like,J,Clade_J
seq_827,Fungi,Basidiomycota,Exobasidiomycetes,Malasseziales,Malasseziaceae,Malassezia,Malassezia,restricta/arunalokei,KJ847247.2,99.52,210,1,0,41,250,97,306,1.00E-102,374,NA,Clade_J.1,M._restricta_like,J,Clade_J
seq_2919,Fungi,Basidiomycota,Exobasidiomycetes,Malasseziales,Malasseziaceae,Malassezia,Malassezia,restricta/arunalokei,KJ847247.2,99.52,210,1,0,41,250,97,306,1.00E-102,374,NA,Clade_J.1,M._restricta_like,J,Clade_J
seq_1301,Fungi,Basidiomycota,Exobasidiomycetes,Malasseziales,Malasseziaceae,Malassezia,Malassezia,restricta/arunalokei,KJ847247.2,99.52,210,1,0,41,250,97,306,1.00E-102,374,NA,Clade_J.1,M._restricta_like,J,Clade_J
seq_3019,Fungi,Basidiomycota,Exobasidiomycetes,Malasseziales,Malasseziaceae,Malassezia,Malassezia,restricta/arunalokei,KJ847247.2,99.52,210,1,0,41,250,97,306,1.00E-102,374,NA,Clade_J.1,M._restricta_like,J,Clade_J
seq_3016,Fungi,Basidiomycota,Exobasidiomycetes,Malasseziales,Malasseziaceae,Malassezia,Malassezia,restricta/arunalokei,KJ847247.2,99.52,210,1,0,41,250,97,306,1.00E-102,374,NA,Clade_J.1,M._restricta_like,J,Clade_J
seq_3306,Fungi,Basidiomycota,Exobasidiomycetes,Malasseziales,Malasseziaceae,Malassezia,Malassezia,restricta/arunalokei,KJ847247.2,99.52,210,1,0,41,250,97,306,1.00E-102,374,NA,Clade_J.1,M._restricta_like,J,Clade_J
seq_1478,Fungi,Basidiomycota,Exobasidiomycetes,Malasseziales,Malasseziaceae,Malassezia,Malassezia,restricta/arunalokei,KJ847247.2,99.52,210,1,0,41,250,97,306,1.00E-102,374,NA,Clade_J.1,M._restricta_like,J,Clade_J
seq_3900,Fungi,Basidiomycota,Exobasidiomycetes,Malasseziales,Malasseziaceae,Malassezia,Malassezia,restricta/arunalokei,KJ847247.2,99.52,210,1,0,41,250,97,306,1.00E-102,374,NA,Clade_J.1,M._restricta_like,J,Clade_J
seq_42,Fungi,Basidiomycota,Exobasidiomycetes,Malasseziales,Malasseziaceae,Malassezia,Malassezia,restricta/arunalokei,KJ847248.2,99.6,250,1,0,1,250,127,376,2.00E-124,446,NA,Clade_J.1,M._restricta_like,J,Clade_J
seq_107,Fungi,Basidiomycota,Exobasidiomycetes,Malasseziales,Malasseziaceae,Malassezia,Malassezia,restricta/arunalokei,KJ847248.2,98.8,250,3,0,1,250,127,376,1.00E-121,437,NA,Clade_J.1,M._restricta_like,J,Clade_J
seq_18,Fungi,Basidiomycota,Exobasidiomycetes,Malasseziales,Malasseziaceae,Malassezia,Malassezia,restricta/arunalokei,KJ847248.2,99.2,250,2,0,1,250,127,376,2.00E-123,443,NA,Clade_J.1,M._restricta_like,J,Clade_J
seq_19,Fungi,Basidiomycota,Exobasidiomycetes,Malasseziales,Malasseziaceae,Malassezia,Malassezia,restricta/arunalokei,KJ847248.2,99.2,250,2,0,1,250,127,376,2.00E-123,443,NA,Clade_J.1,M._restricta_like,J,Clade_J
seq_1,Fungi,Basidiomycota,Exobasidiomycetes,Malasseziales,Malasseziaceae,Malassezia,Malassezia,restricta/arunalokei,KJ847248.2,100,250,0,0,1,250,127,376,5.00E-126,452,M._restricta,Clade_J.1,M._restricta_like,J,Clade_J
seq_74,Fungi,Basidiomycota,Exobasidiomycetes,Malasseziales,Malasseziaceae,Malassezia,Malassezia,restricta/arunalokei,KJ847248.2,100,250,0,0,1,250,127,376,5.00E-126,452,M._restricta,Clade_J.1,M._restricta_like,J,Clade_J
seq_314,Fungi,Basidiomycota,Exobasidiomycetes,Malasseziales,Malasseziaceae,Malassezia,Malassezia,restricta/arunalokei,KJ847248.2,100,250,0,0,1,250,127,376,5.00E-126,452,M._restricta,Clade_J.1,M._restricta_like,J,Clade_J
seq_4603,Fungi,Basidiomycota,Exobasidiomycetes,Malasseziales,Malasseziaceae,Malassezia,Malassezia,restricta/arunalokei,KJ847248.2,100,250,0,0,1,250,127,376,5.00E-126,452,M._restricta,Clade_J.1,M._restricta_like,J,Clade_J
seq_98,Fungi,Basidiomycota,Exobasidiomycetes,Malasseziales,Malasseziaceae,Malassezia,Malassezia,restricta/arunalokei,KJ847248.2,100,250,0,0,1,250,127,376,5.00E-126,452,NA,Clade_J.1,M._restricta_like,J,Clade_J
seq_5014,Fungi,Basidiomycota,Exobasidiomycetes,Malasseziales,Malasseziaceae,Malassezia,Malassezia,restricta/arunalokei,KJ847248.2,100,250,0,0,1,250,127,376,5.00E-126,452,M._restricta,Clade_J.1,M._restricta_like,J,Clade_J
seq_199,Fungi,Basidiomycota,Exobasidiomycetes,Malasseziales,Malasseziaceae,Malassezia,Malassezia,restricta/arunalokei,KJ847248.2,100,250,0,0,1,250,127,376,5.00E-126,452,M._restricta,Clade_J.1,M._restricta_like,J,Clade_J
seq_372,Fungi,Basidiomycota,Exobasidiomycetes,Malasseziales,Malasseziaceae,Malassezia,Malassezia,restricta/arunalokei,KJ847248.2,100,250,0,0,1,250,127,376,5.00E-126,452,M._restricta,Clade_J.1,M._restricta_like,J,Clade_J
seq_479,Fungi,Basidiomycota,Exobasidiomycetes,Malasseziales,Malasseziaceae,Malassezia,Malassezia,restricta/arunalokei,KJ847248.2,100,250,0,0,1,250,127,376,5.00E-126,452,M._restricta,Clade_J.1,M._restricta_like,J,Clade_J
seq_179,Fungi,Basidiomycota,Exobasidiomycetes,Malasseziales,Malasseziaceae,Malassezia,Malassezia,restricta/arunalokei,KJ847248.2,99.6,250,1,0,1,250,127,376,2.00E-124,446,NA,Clade_J.1,M._restricta_like,J,Clade_J
seq_106,Fungi,Basidiomycota,Exobasidiomycetes,Malasseziales,Malasseziaceae,Malassezia,Malassezia,restricta/arunalokei,KJ847248.2,99.6,250,1,0,1,250,127,376,2.00E-124,446,NA,Clade_J.1,M._restricta_like,J,Clade_J
seq_3748,Fungi,Basidiomycota,Exobasidiomycetes,Malasseziales,Malasseziaceae,Malassezia,Malassezia,restricta/arunalokei,KJ847248.2,100,250,0,0,1,250,127,376,5.00E-126,452,NA,Clade_J.1,M._restricta_like,J,Clade_J
seq_962,Fungi,Basidiomycota,Exobasidiomycetes,Malasseziales,Malasseziaceae,Malassezia,Malassezia,restricta/arunalokei,KJ847248.2,99.2,250,2,0,1,250,127,376,2.00E-123,443,NA,Clade_J.1,M._restricta_like,J,Clade_J
seq_431,Fungi,Basidiomycota,Exobasidiomycetes,Malasseziales,Malasseziaceae,Malassezia,Malassezia,restricta/arunalokei,KJ847248.2,99.6,250,1,0,1,250,127,376,2.00E-124,446,M._restricta,Clade_J.1,M._restricta_like,J,Clade_J
seq_4732,Fungi,Basidiomycota,Exobasidiomycetes,Malasseziales,Malasseziaceae,Malassezia,Malassezia,restricta/arunalokei,KJ847248.2,99.6,250,1,0,1,250,127,376,2.00E-124,446,NA,Clade_J.1,M._restricta_like,J,Clade_J
seq_1475,Fungi,Basidiomycota,Exobasidiomycetes,Malasseziales,Malasseziaceae,Malassezia,Malassezia,restricta/arunalokei,KJ847248.2,99.2,250,2,0,1,250,127,376,2.00E-123,443,NA,Clade_J.1,M._restricta_like,J,Clade_J
seq_1547,Fungi,Basidiomycota,Exobasidiomycetes,Malasseziales,Malasseziaceae,Malassezia,Malassezia,restricta/arunalokei,KJ847248.2,99.2,250,2,0,1,250,127,376,2.00E-123,443,NA,Clade_J.1,M._restricta_like,J,Clade_J
seq_2088,Fungi,Basidiomycota,Exobasidiomycetes,Malasseziales,Malasseziaceae,Malassezia,Malassezia,restricta/arunalokei,KJ847248.2,100,250,0,0,1,250,127,376,5.00E-126,452,M._restricta,Clade_J.1,M._restricta_like,J,Clade_J
seq_1826,Fungi,Basidiomycota,Exobasidiomycetes,Malasseziales,Malasseziaceae,Malassezia,Malassezia,restricta/arunalokei,KJ847248.2,97.6,250,6,0,1,250,127,376,7.00E-118,425,NA,Clade_J.1,M._restricta_like,J,Clade_J
seq_2024,Fungi,Basidiomycota,Exobasidiomycetes,Malasseziales,Malasseziaceae,Malassezia,Malassezia,restricta/arunalokei,KJ847248.2,97.6,250,6,0,1,250,127,376,7.00E-118,425,NA,Clade_J.1,M._restricta_like,J,Clade_J
seq_1853,Fungi,Basidiomycota,Exobasidiomycetes,Malasseziales,Malasseziaceae,Malassezia,Malassezia,restricta/arunalokei,KJ847248.2,98.41,251,3,1,1,250,107,357,4.00E-120,432,NA,Clade_J.1,M._restricta_like,J,Clade_J
seq_1774,Fungi,Basidiomycota,Exobasidiomycetes,Malasseziales,Malasseziaceae,Malassezia,Malassezia,restricta/arunalokei,KJ847248.2,97.61,251,5,1,1,250,107,357,2.00E-117,423,NA,Clade_J.1,M._restricta_like,J,Clade_J
seq_1298,Fungi,Basidiomycota,Exobasidiomycetes,Malasseziales,Malasseziaceae,Malassezia,Malassezia,restricta/arunalokei,KJ847248.2,97.21,251,6,1,1,250,107,357,1.00E-115,417,NA,Clade_J.1,M._restricta_like,J,Clade_J
seq_856,Fungi,Basidiomycota,Exobasidiomycetes,Malasseziales,Malasseziaceae,Malassezia,Malassezia,restricta/arunalokei,KJ847247.2,100,203,0,0,48,250,104,306,2.00E-100,367,NA,Clade_J.1,M._restricta_like,J,Clade_J
seq_3420,Fungi,Basidiomycota,Exobasidiomycetes,Malasseziales,Malasseziaceae,Malassezia,Malassezia,restricta/arunalokei,KJ847247.2,99.51,203,1,0,48,250,104,306,7.00E-99,361,NA,Clade_J.1,M._restricta_like,J,Clade_J
seq_984,Fungi,Basidiomycota,Exobasidiomycetes,Malasseziales,Malasseziaceae,Malassezia,Malassezia,restricta/arunalokei,KJ847247.2,100,203,0,0,48,250,104,306,2.00E-100,367,NA,Clade_J.1,M._restricta_like,J,Clade_J
seq_579,Fungi,Basidiomycota,Exobasidiomycetes,Malasseziales,Malasseziaceae,Malassezia,Malassezia,restricta/arunalokei,KJ847248.2,100,250,0,0,1,250,127,376,5.00E-126,452,M._restricta,Clade_J.1,M._restricta_like,J,Clade_J
seq_1297,Fungi,Basidiomycota,Exobasidiomycetes,Malasseziales,Malasseziaceae,Malassezia,Malassezia,restricta/arunalokei,KJ847248.2,100,250,0,0,1,250,127,376,5.00E-126,452,NA,Clade_J.1,M._restricta_like,J,Clade_J
seq_92,Fungi,Basidiomycota,Exobasidiomycetes,Malasseziales,Malasseziaceae,Malassezia,Malassezia,restricta/arunalokei,KJ847248.2,100,250,0,0,1,250,127,376,5.00E-126,452,NA,Clade_J.1,M._restricta_like,J,Clade_J
seq_150,Fungi,Basidiomycota,Exobasidiomycetes,Malasseziales,Malasseziaceae,Malassezia,Malassezia,restricta/arunalokei,KJ847248.2,100,250,0,0,1,250,127,376,5.00E-126,452,NA,Clade_J.1,M._restricta_like,J,Clade_J
seq_448,Fungi,Basidiomycota,Exobasidiomycetes,Malasseziales,Malasseziaceae,Malassezia,Malassezia,restricta/arunalokei,KJ847248.2,100,250,0,0,1,250,127,376,5.00E-126,452,M._restricta,Clade_J.1,M._restricta_like,J,Clade_J
seq_524,Fungi,Basidiomycota,Exobasidiomycetes,Malasseziales,Malasseziaceae,Malassezia,Malassezia,restricta/arunalokei,KJ847248.2,100,250,0,0,1,250,127,376,5.00E-126,452,M._restricta,Clade_J.1,M._restricta_like,J,Clade_J
seq_141,Fungi,Basidiomycota,Exobasidiomycetes,Malasseziales,Malasseziaceae,Malassezia,Malassezia,restricta/arunalokei,KJ847248.2,100,250,0,0,1,250,127,376,5.00E-126,452,M._restricta,Clade_J.1,M._restricta_like,J,Clade_J
seq_726,Fungi,Basidiomycota,Exobasidiomycetes,Malasseziales,Malasseziaceae,Malassezia,Malassezia,restricta/arunalokei,KJ847248.2,100,250,0,0,1,250,127,376,5.00E-126,452,M._restricta,Clade_J.1,M._restricta_like,J,Clade_J
seq_764,Fungi,Basidiomycota,Exobasidiomycetes,Malasseziales,Malasseziaceae,Malassezia,Malassezia,restricta/arunalokei,KJ847248.2,100,250,0,0,1,250,127,376,5.00E-126,452,M._restricta,Clade_J.1,M._restricta_like,J,Clade_J
seq_709,Fungi,Basidiomycota,Exobasidiomycetes,Malasseziales,Malasseziaceae,Malassezia,Malassezia,restricta/arunalokei,KJ847248.2,100,250,0,0,1,250,127,376,5.00E-126,452,M._restricta,Clade_J.1,M._restricta_like,J,Clade_J
seq_4171,Fungi,Basidiomycota,Exobasidiomycetes,Malasseziales,Malasseziaceae,Malassezia,Malassezia,restricta/arunalokei,KJ847248.2,100,250,0,0,1,250,127,376,5.00E-126,452,M._restricta,Clade_J.1,M._restricta_like,J,Clade_J
seq_727,Fungi,Basidiomycota,Exobasidiomycetes,Malasseziales,Malasseziaceae,Malassezia,Malassezia,restricta/arunalokei,KJ847248.2,100,250,0,0,1,250,127,376,5.00E-126,452,M._restricta,Clade_J.1,M._restricta_like,J,Clade_J
seq_873,Fungi,Basidiomycota,Exobasidiomycetes,Malasseziales,Malasseziaceae,Malassezia,Malassezia,restricta/arunalokei,KJ847248.2,100,250,0,0,1,250,127,376,5.00E-126,452,M._restricta,Clade_J.1,M._restricta_like,J,Clade_J
seq_1633,Fungi,Basidiomycota,Exobasidiomycetes,Malasseziales,Malasseziaceae,Malassezia,Malassezia,restricta/arunalokei,KJ847248.2,100,250,0,0,1,250,127,376,5.00E-126,452,M._restricta,Clade_J.1,M._restricta_like,J,Clade_J
seq_1477,Fungi,Basidiomycota,Exobasidiomycetes,Malasseziales,Malasseziaceae,Malassezia,Malassezia,restricta/arunalokei,KJ847248.2,99.2,250,2,0,1,250,127,376,2.00E-123,443,NA,Clade_J.1,M._restricta_like,J,Clade_J
seq_5314,Fungi,Basidiomycota,Exobasidiomycetes,Malasseziales,Malasseziaceae,Malassezia,Malassezia,restricta/arunalokei,KJ847248.2,100,250,0,0,1,250,127,376,5.00E-126,452,NA,Clade_J.1,M._restricta_like,J,Clade_J
seq_2345,Fungi,Basidiomycota,Exobasidiomycetes,Malasseziales,Malasseziaceae,Malassezia,Malassezia,restricta/arunalokei,KJ847248.2,100,250,0,0,1,250,127,376,5.00E-126,452,M._restricta,Clade_J.1,M._restricta_like,J,Clade_J
seq_94,Fungi,Basidiomycota,Exobasidiomycetes,Malasseziales,Malasseziaceae,Malassezia,Malassezia,restricta/arunalokei,KJ847248.2,100,250,0,0,1,250,127,376,5.00E-126,452,M._restricta,Clade_J.1,M._restricta_like,J,Clade_J
seq_4096,Fungi,Basidiomycota,Exobasidiomycetes,Malasseziales,Malasseziaceae,Malassezia,Malassezia,restricta/arunalokei,KJ847248.2,99.6,250,1,0,1,250,127,376,2.00E-124,446,NA,Clade_J.1,M._restricta_like,J,Clade_J
seq_37,Fungi,Basidiomycota,Exobasidiomycetes,Malasseziales,Malasseziaceae,Malassezia,Malassezia,restricta/arunalokei,KJ847248.2,100,250,0,0,1,250,127,376,5.00E-126,452,M._restricta,Clade_J.1,M._restricta_like,J,Clade_J
seq_218,Fungi,Basidiomycota,Exobasidiomycetes,Malasseziales,Malasseziaceae,Malassezia,Malassezia,restricta/arunalokei,KJ847248.2,99.6,250,1,0,1,250,127,376,2.00E-124,446,M._restricta,Clade_J.1,M._restricta_like,J,Clade_J
seq_111,Fungi,Basidiomycota,Exobasidiomycetes,Malasseziales,Malasseziaceae,Malassezia,Malassezia,restricta/arunalokei,KJ847248.2,99.6,250,1,0,1,250,127,376,2.00E-124,446,M._restricta,Clade_J.1,M._restricta_like,J,Clade_J
seq_1088,Fungi,Basidiomycota,Exobasidiomycetes,Malasseziales,Malasseziaceae,Malassezia,Malassezia,restricta/arunalokei,KJ847248.2,99.2,250,2,0,1,250,127,376,2.00E-123,443,M._restricta,Clade_J.1,M._restricta_like,J,Clade_J
seq_156,Fungi,Basidiomycota,Exobasidiomycetes,Malasseziales,Malasseziaceae,Malassezia,Malassezia,restricta/arunalokei,KJ847248.2,99.6,250,1,0,1,250,127,376,2.00E-124,446,M._restricta,Clade_J.1,M._restricta_like,J,Clade_J
seq_60,Fungi,Basidiomycota,Exobasidiomycetes,Malasseziales,Malasseziaceae,Malassezia,Malassezia,restricta/arunalokei,KJ847248.2,98.8,250,3,0,1,250,127,376,1.00E-121,437,M._restricta,Clade_J.1,M._restricta_like,J,Clade_J
seq_181,Fungi,Basidiomycota,Exobasidiomycetes,Malasseziales,Malasseziaceae,Malassezia,Malassezia,restricta/arunalokei,KJ847248.2,98.4,250,4,0,1,250,127,376,1.00E-120,434,M._restricta,Clade_J.1,M._restricta_like,J,Clade_J
seq_63,Fungi,Basidiomycota,Exobasidiomycetes,Malasseziales,Malasseziaceae,Malassezia,Malassezia,restricta/arunalokei,KJ847248.2,99.6,250,1,0,1,250,127,376,2.00E-124,446,M._restricta,Clade_J.1,M._restricta_like,J,Clade_J
seq_82,Fungi,Basidiomycota,Exobasidiomycetes,Malasseziales,Malasseziaceae,Malassezia,Malassezia,restricta/arunalokei,KJ847248.2,99.6,250,1,0,1,250,127,376,2.00E-124,446,M._restricta,Clade_J.1,M._restricta_like,J,Clade_J
seq_264,Fungi,Basidiomycota,Exobasidiomycetes,Malasseziales,Malasseziaceae,Malassezia,Malassezia,restricta/arunalokei,KJ847248.2,99.2,250,2,0,1,250,127,376,2.00E-123,443,M._restricta,Clade_J.1,M._restricta_like,J,Clade_J
seq_287,Fungi,Basidiomycota,Exobasidiomycetes,Malasseziales,Malasseziaceae,Malassezia,Malassezia,restricta/arunalokei,KJ847248.2,99.2,250,2,0,1,250,127,376,2.00E-123,443,M._restricta,Clade_J.1,M._restricta_like,J,Clade_J
seq_96,Fungi,Basidiomycota,Exobasidiomycetes,Malasseziales,Malasseziaceae,Malassezia,Malassezia,restricta/arunalokei,KJ847248.2,99.6,250,1,0,1,250,127,376,2.00E-124,446,M._restricta,Clade_J.1,M._restricta_like,J,Clade_J
seq_682,Fungi,Basidiomycota,Exobasidiomycetes,Malasseziales,Malasseziaceae,Malassezia,Malassezia,restricta/arunalokei,KJ847248.2,99.6,250,1,0,1,250,127,376,2.00E-124,446,M._restricta,Clade_J.1,M._restricta_like,J,Clade_J
seq_746,Fungi,Basidiomycota,Exobasidiomycetes,Malasseziales,Malasseziaceae,Malassezia,Malassezia,restricta/arunalokei,KJ847248.2,99.6,250,1,0,1,250,127,376,2.00E-124,446,M._restricta,Clade_J.1,M._restricta_like,J,Clade_J
seq_4,Fungi,Basidiomycota,Exobasidiomycetes,Malasseziales,Malasseziaceae,Malassezia,Malassezia,restricta/arunalokei,KJ847248.2,99.6,250,1,0,1,250,127,376,2.00E-124,446,M._restricta,Clade_J.1,M._restricta_like,J,Clade_J
seq_152,Fungi,Basidiomycota,Exobasidiomycetes,Malasseziales,Malasseziaceae,Malassezia,Malassezia,restricta/arunalokei,KJ847248.2,99.6,250,1,0,1,250,127,376,2.00E-124,446,M._restricta,Clade_J.1,M._restricta_like,J,Clade_J
seq_846,Fungi,Basidiomycota,Exobasidiomycetes,Malasseziales,Malasseziaceae,Malassezia,Malassezia,restricta/arunalokei,KJ847248.2,99.6,250,1,0,1,250,127,376,2.00E-124,446,M._restricta,Clade_J.1,M._restricta_like,J,Clade_J
seq_609,Fungi,Basidiomycota,Exobasidiomycetes,Malasseziales,Malasseziaceae,Malassezia,Malassezia,restricta/arunalokei,KJ847248.2,99.2,250,2,0,1,250,127,376,2.00E-123,443,M._restricta,Clade_J.1,M._restricta_like,J,Clade_J
seq_286,Fungi,Basidiomycota,Exobasidiomycetes,Malasseziales,Malasseziaceae,Malassezia,Malassezia,restricta/arunalokei,KJ847248.2,99.6,250,1,0,1,250,127,376,2.00E-124,446,M._restricta,Clade_J.1,M._restricta_like,J,Clade_J
seq_4601,Fungi,Basidiomycota,Exobasidiomycetes,Malasseziales,Malasseziaceae,Malassezia,Non_Malassezia,restricta/arunalokei,KJ847248.2,90.84,273,2,1,1,250,127,399,3.00E-109,396,M._restricta,Clade_J.1,M._restricta_like,J,Clade_J
seq_481,Fungi,Basidiomycota,Exobasidiomycetes,Malasseziales,Malasseziaceae,Malassezia,Malassezia,restricta/arunalokei,KJ847248.2,99.6,250,1,0,1,250,127,376,2.00E-124,446,M._restricta,Clade_J.1,M._restricta_like,J,Clade_J
seq_323,Fungi,Basidiomycota,Exobasidiomycetes,Malasseziales,Malasseziaceae,Malassezia,Malassezia,restricta/arunalokei,KJ847248.2,99.6,250,1,0,1,250,127,376,2.00E-124,446,M._restricta,Clade_J.1,M._restricta_like,J,Clade_J
seq_466,Fungi,Basidiomycota,Exobasidiomycetes,Malasseziales,Malasseziaceae,Malassezia,Malassezia,restricta/arunalokei,KJ847248.2,99.2,250,2,0,1,250,127,376,2.00E-123,443,M._restricta,Clade_J.1,M._restricta_like,J,Clade_J
seq_175,Fungi,Basidiomycota,Exobasidiomycetes,Malasseziales,Malasseziaceae,Malassezia,Malassezia,restricta/arunalokei,KJ847248.2,99.2,250,2,0,1,250,127,376,2.00E-123,443,M._restricta,Clade_J.1,M._restricta_like,J,Clade_J
seq_15,Fungi,Basidiomycota,Exobasidiomycetes,Malasseziales,Malasseziaceae,Malassezia,Malassezia,restricta/arunalokei,KJ847248.2,99.2,250,2,0,1,250,127,376,2.00E-123,443,M._restricta,Clade_J.1,M._restricta_like,J,Clade_J
seq_1497,Fungi,Basidiomycota,Exobasidiomycetes,Malasseziales,Malasseziaceae,Malassezia,Malassezia,restricta/arunalokei,KJ847248.2,99.19,246,2,0,5,250,113,358,4.00E-121,435,M._restricta,Clade_J.1,M._restricta_like,J,Clade_J
seq_333,Fungi,Basidiomycota,Exobasidiomycetes,Malasseziales,Malasseziaceae,Malassezia,Malassezia,restricta/arunalokei,KJ847248.2,98.8,250,3,0,1,250,127,376,1.00E-121,437,M._restricta,Clade_J.1,M._restricta_like,J,Clade_J
seq_244,Fungi,Basidiomycota,Exobasidiomycetes,Malasseziales,Malasseziaceae,Malassezia,Malassezia,restricta/arunalokei,KJ847248.2,99.2,250,2,0,1,250,127,376,2.00E-123,443,M._restricta,Clade_J.1,M._restricta_like,J,Clade_J
seq_1330,Fungi,Basidiomycota,Exobasidiomycetes,Malasseziales,Malasseziaceae,Malassezia,Malassezia,restricta/arunalokei,KJ847248.2,98.78,245,3,0,6,250,114,358,5.00E-119,428,M._restricta,Clade_J.1,M._restricta_like,J,Clade_J
seq_1212,Fungi,Basidiomycota,Exobasidiomycetes,Malasseziales,Malasseziaceae,Malassezia,Malassezia,restricta/arunalokei,KJ847248.2,99.59,246,1,0,5,250,114,359,3.00E-122,439,M._restricta,Clade_J.1,M._restricta_like,J,Clade_J
seq_187,Fungi,Basidiomycota,Exobasidiomycetes,Malasseziales,Malasseziaceae,Malassezia,Malassezia,restricta/arunalokei,KJ847248.2,99.2,250,2,0,1,250,127,376,2.00E-123,443,M._restricta,Clade_J.1,M._restricta_like,J,Clade_J
seq_149,Fungi,Basidiomycota,Exobasidiomycetes,Malasseziales,Malasseziaceae,Malassezia,Malassezia,restricta/arunalokei,KJ847248.2,99.6,250,1,0,1,250,127,376,2.00E-124,446,M._restricta,Clade_J.1,M._restricta_like,J,Clade_J
seq_430,Fungi,Basidiomycota,Exobasidiomycetes,Malasseziales,Malasseziaceae,Malassezia,Malassezia,restricta/arunalokei,KJ847248.2,99.2,250,2,0,1,250,127,376,2.00E-123,443,M._restricta,Clade_J.1,M._restricta_like,J,Clade_J
seq_1064,Fungi,Basidiomycota,Exobasidiomycetes,Malasseziales,Malasseziaceae,Malassezia,Malassezia,restricta/arunalokei,KJ847248.2,99.2,250,2,0,1,250,127,376,2.00E-123,443,M._restricta,Clade_J.1,M._restricta_like,J,Clade_J
seq_2216,Fungi,Basidiomycota,Exobasidiomycetes,Malasseziales,Malasseziaceae,Malassezia,Malassezia,restricta/arunalokei,KJ847248.2,100,250,0,0,1,250,127,376,5.00E-126,452,M._restricta,Clade_J.1,M._restricta_like,J,Clade_J
seq_365,Fungi,Basidiomycota,Exobasidiomycetes,Malasseziales,Malasseziaceae,Malassezia,Malassezia,restricta/arunalokei,KJ847248.2,99.2,250,2,0,1,250,127,376,2.00E-123,443,M._restricta,Clade_J.1,M._restricta_like,J,Clade_J
seq_376,Fungi,Basidiomycota,Exobasidiomycetes,Malasseziales,Malasseziaceae,Malassezia,Malassezia,restricta/arunalokei,KJ847248.2,99.2,250,2,0,1,250,127,376,2.00E-123,443,M._restricta,Clade_J.1,M._restricta_like,J,Clade_J
seq_229,Fungi,Basidiomycota,Exobasidiomycetes,Malasseziales,Malasseziaceae,Malassezia,Malassezia,restricta/arunalokei,KJ847248.2,98.4,250,4,0,1,250,127,376,1.00E-120,434,M._restricta,Clade_J.1,M._restricta_like,J,Clade_J
seq_22,Fungi,Basidiomycota,Exobasidiomycetes,Malasseziales,Malasseziaceae,Malassezia,Malassezia,restricta/arunalokei,KJ847248.2,99.2,250,2,0,1,250,127,376,2.00E-123,443,M._restricta,Clade_J.1,M._restricta_like,J,Clade_J
seq_191,Fungi,Basidiomycota,Exobasidiomycetes,Malasseziales,Malasseziaceae,Malassezia,Malassezia,restricta/arunalokei,KJ847248.2,99.2,250,2,0,1,250,127,376,2.00E-123,443,M._restricta,Clade_J.1,M._restricta_like,J,Clade_J
seq_258,Fungi,Basidiomycota,Exobasidiomycetes,Malasseziales,Malasseziaceae,Malassezia,Malassezia,restricta/arunalokei,KJ847248.2,99.2,250,2,0,1,250,127,376,2.00E-123,443,M._restricta,Clade_J.1,M._restricta_like,J,Clade_J
seq_482,Fungi,Basidiomycota,Exobasidiomycetes,Malasseziales,Malasseziaceae,Malassezia,Malassezia,restricta/arunalokei,KJ847248.2,99.2,250,2,0,1,250,127,376,2.00E-123,443,M._restricta,Clade_J.1,M._restricta_like,J,Clade_J
seq_370,Fungi,Basidiomycota,Exobasidiomycetes,Malasseziales,Malasseziaceae,Malassezia,Malassezia,restricta/arunalokei,KJ847248.2,98.8,250,3,0,1,250,127,376,1.00E-121,437,M._restricta,Clade_J.1,M._restricta_like,J,Clade_J
seq_591,Fungi,Basidiomycota,Exobasidiomycetes,Malasseziales,Malasseziaceae,Malassezia,Malassezia,restricta/arunalokei,KJ847248.2,98.8,250,3,0,1,250,127,376,1.00E-121,437,M._restricta,Clade_J.1,M._restricta_like,J,Clade_J
seq_232,Fungi,Basidiomycota,Exobasidiomycetes,Malasseziales,Malasseziaceae,Malassezia,Malassezia,restricta/arunalokei,KJ847248.2,99.2,250,2,0,1,250,127,376,2.00E-123,443,M._restricta,Clade_J.1,M._restricta_like,J,Clade_J
seq_230,Fungi,Basidiomycota,Exobasidiomycetes,Malasseziales,Malasseziaceae,Malassezia,Malassezia,restricta/arunalokei,KJ847248.2,99.2,250,2,0,1,250,127,376,2.00E-123,443,M._restricta,Clade_J.1,M._restricta_like,J,Clade_J
seq_3141,Fungi,Basidiomycota,Exobasidiomycetes,Malasseziales,Malasseziaceae,Malassezia,Malassezia,restricta/arunalokei,KJ847248.2,100,250,0,0,1,250,127,376,5.00E-126,452,NA,Clade_J.2,M._globosa_like,J,Clade_J
seq_4793,Fungi,Basidiomycota,Exobasidiomycetes,Malasseziales,Malasseziaceae,Malassezia,Malassezia,restricta/arunalokei,KJ847248.2,98.8,250,3,0,1,250,127,376,1.00E-121,437,M._globosa,Clade_J.2,M._globosa_like,J,Clade_J
seq_919,Fungi,Basidiomycota,Exobasidiomycetes,Malasseziales,Malasseziaceae,Malassezia,Malassezia,restricta/arunalokei,KJ847248.2,100,250,0,0,1,250,127,376,5.00E-126,452,M._globosa,Clade_J.2,M._globosa_like,J,Clade_J
seq_3989,Fungi,Basidiomycota,Exobasidiomycetes,Malasseziales,Malasseziaceae,Malassezia,Malassezia,restricta/arunalokei,KJ847248.2,99.6,250,1,0,1,250,127,376,2.00E-124,446,M._globosa,Clade_J.2,M._globosa_like,J,Clade_J
seq_1455,Fungi,Basidiomycota,Exobasidiomycetes,Malasseziales,Malasseziaceae,Malassezia,Malassezia,restricta/arunalokei,KJ847248.2,100,250,0,0,1,250,127,376,5.00E-126,452,M._globosa,Clade_J.2,M._globosa_like,J,Clade_J
seq_5287,Fungi,Basidiomycota,Exobasidiomycetes,Malasseziales,Malasseziaceae,Malassezia,Malassezia,restricta/arunalokei,KJ847248.2,99.6,250,1,0,1,250,127,376,2.00E-124,446,M._globosa,Clade_J.2,M._globosa_like,J,Clade_J
seq_4830,Fungi,Basidiomycota,Exobasidiomycetes,Malasseziales,Malasseziaceae,Malassezia,Malassezia,psittaci,KR872312.1,95.58,249,11,0,2,250,113,361,3.00E-110,399,M._globosa,Clade_J.2,M._globosa_like,J,Clade_J
seq_1742,Fungi,Basidiomycota,Exobasidiomycetes,Malasseziales,Malasseziaceae,Malassezia,Malassezia,globosa,NW_001849859.1,98.41,252,2,1,1,250,139696,139947,1.00E-120,434,M._globosa,Clade_J.2,M._globosa_like,J,Clade_J
seq_3780,Fungi,Basidiomycota,Exobasidiomycetes,Malasseziales,Malasseziaceae,Malassezia,Malassezia,globosa,NW_001849859.1,99.6,250,1,0,1,250,139716,139965,2.00E-124,446,M._globosa,Clade_J.2,M._globosa_like,J,Clade_J
seq_139,Fungi,Basidiomycota,Exobasidiomycetes,Malasseziales,Malasseziaceae,Malassezia,Malassezia,globosa,NW_001849859.1,100,250,0,0,1,250,139716,139965,5.00E-126,452,M._globosa,Clade_J.2,M._globosa_like,J,Clade_J
seq_72,Fungi,Basidiomycota,Exobasidiomycetes,Malasseziales,Malasseziaceae,Malassezia,Malassezia,globosa,NW_001849859.1,100,250,0,0,1,250,139716,139965,5.00E-126,452,M._globosa,Clade_J.2,M._globosa_like,J,Clade_J
seq_192,Fungi,Basidiomycota,Exobasidiomycetes,Malasseziales,Malasseziaceae,Malassezia,Malassezia,globosa,NW_001849859.1,100,250,0,0,1,250,139716,139965,5.00E-126,452,M._globosa,Clade_J.2,M._globosa_like,J,Clade_J
seq_10,Fungi,Basidiomycota,Exobasidiomycetes,Malasseziales,Malasseziaceae,Malassezia,Malassezia,globosa,NW_001849859.1,100,250,0,0,1,250,139716,139965,5.00E-126,452,M._globosa,Clade_J.2,M._globosa_like,J,Clade_J
seq_176,Fungi,Basidiomycota,Exobasidiomycetes,Malasseziales,Malasseziaceae,Malassezia,Malassezia,globosa,NW_001849859.1,99.2,250,2,0,1,250,139716,139965,2.00E-123,443,M._globosa,Clade_J.2,M._globosa_like,J,Clade_J
seq_69,Fungi,Basidiomycota,Exobasidiomycetes,Malasseziales,Malasseziaceae,Malassezia,Malassezia,globosa,NW_001849859.1,99.2,250,2,0,1,250,139716,139965,2.00E-123,443,M._globosa,Clade_J.2,M._globosa_like,J,Clade_J
seq_137,Fungi,Basidiomycota,Exobasidiomycetes,Malasseziales,Malasseziaceae,Malassezia,Malassezia,globosa,NW_001849859.1,99.2,250,2,0,1,250,139716,139965,2.00E-123,443,M._globosa,Clade_J.2,M._globosa_like,J,Clade_J
seq_328,Fungi,Basidiomycota,Exobasidiomycetes,Malasseziales,Malasseziaceae,Malassezia,Malassezia,globosa,NW_001849859.1,99.6,250,1,0,1,250,139716,139965,2.00E-124,446,M._globosa,Clade_J.2,M._globosa_like,J,Clade_J
seq_17,Fungi,Basidiomycota,Exobasidiomycetes,Malasseziales,Malasseziaceae,Malassezia,Malassezia,globosa,NW_001849859.1,100,250,0,0,1,250,139716,139965,5.00E-126,452,M._globosa,Clade_J.2,M._globosa_like,J,Clade_J
seq_414,Fungi,Basidiomycota,Exobasidiomycetes,Malasseziales,Malasseziaceae,Malassezia,Malassezia,globosa,NW_001849859.1,100,250,0,0,1,250,139716,139965,5.00E-126,452,M._globosa,Clade_J.2,M._globosa_like,J,Clade_J
seq_1171,Fungi,Basidiomycota,Exobasidiomycetes,Malasseziales,Malasseziaceae,Malassezia,Malassezia,globosa,NW_001849859.1,100,250,0,0,1,250,139716,139965,5.00E-126,452,M._globosa,Clade_J.2,M._globosa_like,J,Clade_J
seq_120,Fungi,Basidiomycota,Exobasidiomycetes,Malasseziales,Malasseziaceae,Malassezia,Malassezia,globosa,NW_001849859.1,100,250,0,0,1,250,139716,139965,5.00E-126,452,M._globosa,Clade_J.2,M._globosa_like,J,Clade_J
seq_4748,Fungi,Basidiomycota,Exobasidiomycetes,Malasseziales,Malasseziaceae,Malassezia,Malassezia,globosa,NW_001849859.1,99.6,250,1,0,1,250,139716,139965,2.00E-124,446,M._globosa,Clade_J.2,M._globosa_like,J,Clade_J
seq_4727,Fungi,Basidiomycota,Exobasidiomycetes,Malasseziales,Malasseziaceae,Malassezia,Malassezia,globosa,NW_001849859.1,99.6,250,1,0,1,250,139716,139965,2.00E-124,446,M._globosa,Clade_J.2,M._globosa_like,J,Clade_J
seq_1667,Fungi,Basidiomycota,Exobasidiomycetes,Malasseziales,Malasseziaceae,Malassezia,Malassezia,globosa,NW_001849859.1,97.63,253,3,1,1,250,139696,139948,5.00E-119,428,M._globosa,Clade_J.2,M._globosa_like,J,Clade_J
seq_5,Fungi,Basidiomycota,Exobasidiomycetes,Malasseziales,Malasseziaceae,Malassezia,Malassezia,globosa,NW_001849859.1,100,250,0,0,1,250,139716,139965,5.00E-126,452,M._globosa,Clade_J.2,M._globosa_like,J,Clade_J
seq_270,Fungi,Basidiomycota,Exobasidiomycetes,Malasseziales,Malasseziaceae,Malassezia,Malassezia,globosa,NW_001849859.1,100,250,0,0,1,250,139716,139965,5.00E-126,452,M._globosa,Clade_J.2,M._globosa_like,J,Clade_J
seq_425,Fungi,Basidiomycota,Exobasidiomycetes,Malasseziales,Malasseziaceae,Malassezia,Malassezia,globosa,NW_001849859.1,100,250,0,0,1,250,139716,139965,5.00E-126,452,M._globosa,Clade_J.2,M._globosa_like,J,Clade_J
seq_5304,Fungi,Basidiomycota,Exobasidiomycetes,Malasseziales,Malasseziaceae,Malassezia,Malassezia,globosa,NW_001849859.1,100,250,0,0,1,250,139716,139965,5.00E-126,452,M._globosa,Clade_J.2,M._globosa_like,J,Clade_J
seq_672,Fungi,Basidiomycota,Exobasidiomycetes,Malasseziales,Malasseziaceae,Malassezia,Malassezia,globosa,NW_001849859.1,100,250,0,0,1,250,139716,139965,5.00E-126,452,M._globosa,Clade_J.2,M._globosa_like,J,Clade_J
seq_696,Fungi,Basidiomycota,Exobasidiomycetes,Malasseziales,Malasseziaceae,Malassezia,Malassezia,globosa,NW_001849859.1,100,250,0,0,1,250,139716,139965,5.00E-126,452,M._globosa,Clade_J.2,M._globosa_like,J,Clade_J
seq_1149,Fungi,Basidiomycota,Exobasidiomycetes,Malasseziales,Malasseziaceae,Malassezia,Malassezia,globosa,NW_001849859.1,97.63,253,3,1,1,250,139696,139948,5.00E-119,428,M._globosa,Clade_J.2,M._globosa_like,J,Clade_J
seq_246,Fungi,Basidiomycota,Exobasidiomycetes,Malasseziales,Malasseziaceae,Malassezia,Malassezia,globosa,NW_001849859.1,99.6,250,1,0,1,250,139716,139965,2.00E-124,446,M._globosa,Clade_J.2,M._globosa_like,J,Clade_J
seq_134,Fungi,Basidiomycota,Exobasidiomycetes,Malasseziales,Malasseziaceae,Malassezia,Malassezia,globosa,NW_001849859.1,99.6,250,1,0,1,250,139716,139965,2.00E-124,446,M._globosa,Clade_J.2,M._globosa_like,J,Clade_J
seq_121,Fungi,Basidiomycota,Exobasidiomycetes,Malasseziales,Malasseziaceae,Malassezia,Malassezia,globosa,NW_001849859.1,99.6,250,1,0,1,250,139716,139965,2.00E-124,446,M._globosa,Clade_J.2,M._globosa_like,J,Clade_J
seq_3273,Fungi,Basidiomycota,Exobasidiomycetes,Malasseziales,Malasseziaceae,Malassezia,Malassezia,globosa,NW_001849859.1,100,203,0,0,48,250,139743,139945,2.00E-100,367,M._globosa,Clade_J.2,M._globosa_like,J,Clade_J
seq_417,Fungi,Basidiomycota,Exobasidiomycetes,Malasseziales,Malasseziaceae,Malassezia,Malassezia,globosa,NW_001849859.1,99.6,250,1,0,1,250,139716,139965,2.00E-124,446,M._globosa,Clade_J.2,M._globosa_like,J,Clade_J
seq_184,Fungi,Basidiomycota,Exobasidiomycetes,Malasseziales,Malasseziaceae,Malassezia,Malassezia,globosa,NW_001849859.1,100,250,0,0,1,250,139716,139965,5.00E-126,452,M._globosa,Clade_J.2,M._globosa_like,J,Clade_J
seq_223,Fungi,Basidiomycota,Exobasidiomycetes,Malasseziales,Malasseziaceae,Malassezia,Malassezia,globosa,NW_001849859.1,99.6,250,1,0,1,250,139716,139965,2.00E-124,446,M._globosa,Clade_J.2,M._globosa_like,J,Clade_J
seq_359,Fungi,Basidiomycota,Exobasidiomycetes,Malasseziales,Malasseziaceae,Malassezia,Malassezia,globosa,NW_001849859.1,99.6,250,1,0,1,250,139716,139965,2.00E-124,446,M._globosa,Clade_J.2,M._globosa_like,J,Clade_J
seq_4228,Fungi,Basidiomycota,Exobasidiomycetes,Malasseziales,Malasseziaceae,Malassezia,Malassezia,globosa,NW_001849859.1,99.6,250,1,0,1,250,139716,139965,2.00E-124,446,M._globosa,Clade_J.2,M._globosa_like,J,Clade_J
seq_5221,Fungi,Basidiomycota,Exobasidiomycetes,Malasseziales,Malasseziaceae,Malassezia,Malassezia,globosa,NW_001849859.1,99.6,250,1,0,1,250,139716,139965,2.00E-124,446,M._globosa,Clade_J.2,M._globosa_like,J,Clade_J
seq_2913,Fungi,Basidiomycota,Exobasidiomycetes,Malasseziales,Malasseziaceae,Malassezia,Malassezia,globosa,NW_001849859.1,99.52,210,1,0,41,250,139736,139945,1.00E-102,374,M._globosa,Clade_J.2,M._globosa_like,J,Clade_J
seq_5377,Fungi,Basidiomycota,Exobasidiomycetes,Malasseziales,Malasseziaceae,Malassezia,Malassezia,globosa,NW_001849859.1,100,250,0,0,1,250,139716,139965,5.00E-126,452,M._globosa,Clade_J.2,M._globosa_like,J,Clade_J
seq_79,Fungi,Basidiomycota,Exobasidiomycetes,Malasseziales,Malasseziaceae,Malassezia,Malassezia,globosa,NW_001849859.1,100,250,0,0,1,250,139716,139965,5.00E-126,452,M._globosa,Clade_J.2,M._globosa_like,J,Clade_J
seq_205,Fungi,Basidiomycota,Exobasidiomycetes,Malasseziales,Malasseziaceae,Malassezia,Malassezia,globosa,NW_001849859.1,100,250,0,0,1,250,139716,139965,5.00E-126,452,M._globosa,Clade_J.2,M._globosa_like,J,Clade_J
seq_151,Fungi,Basidiomycota,Exobasidiomycetes,Malasseziales,Malasseziaceae,Malassezia,Malassezia,globosa,NW_001849859.1,100,250,0,0,1,250,139716,139965,5.00E-126,452,M._globosa,Clade_J.2,M._globosa_like,J,Clade_J
seq_224,Fungi,Basidiomycota,Exobasidiomycetes,Malasseziales,Malasseziaceae,Malassezia,Malassezia,restricta/arunalokei,KJ847248.2,99.6,250,1,0,1,250,127,376,2.00E-124,446,NA,Clade_J.1,M._restricta_like,J,Clade_J
seq_274,Fungi,Basidiomycota,Exobasidiomycetes,Malasseziales,Malasseziaceae,Malassezia,Malassezia,restricta/arunalokei,KJ847248.2,99.6,250,1,0,1,250,127,376,2.00E-124,446,NA,Clade_J.1,M._restricta_like,J,Clade_J
seq_128,Fungi,Basidiomycota,Exobasidiomycetes,Malasseziales,Malasseziaceae,Malassezia,Malassezia,restricta/arunalokei,KJ847248.2,99.6,250,1,0,1,250,127,376,2.00E-124,446,NA,Clade_J.1,M._restricta_like,J,Clade_J
seq_148,Fungi,Basidiomycota,Exobasidiomycetes,Malasseziales,Malasseziaceae,Malassezia,Malassezia,restricta/arunalokei,KJ847248.2,99.6,250,1,0,1,250,127,376,2.00E-124,446,NA,Clade_J.1,M._restricta_like,J,Clade_J
seq_240,Fungi,Basidiomycota,Exobasidiomycetes,Malasseziales,Malasseziaceae,Malassezia,Malassezia,restricta/arunalokei,KJ847248.2,99.6,250,1,0,1,250,127,376,2.00E-124,446,NA,Clade_J.1,M._restricta_like,J,Clade_J
seq_762,Fungi,Basidiomycota,Exobasidiomycetes,Malasseziales,Malasseziaceae,Malassezia,Malassezia,restricta/arunalokei,KJ847248.2,99.2,250,2,0,1,250,127,376,2.00E-123,443,NA,Clade_J.1,M._restricta_like,J,Clade_J
seq_360,Fungi,Basidiomycota,Exobasidiomycetes,Malasseziales,Malasseziaceae,Malassezia,Malassezia,restricta/arunalokei,KJ847248.2,100,250,0,0,1,250,127,376,5.00E-126,452,NA,Clade_J.1,M._restricta_like,J,Clade_J
seq_420,Fungi,Basidiomycota,Exobasidiomycetes,Malasseziales,Malasseziaceae,Malassezia,Malassezia,restricta/arunalokei,KJ847248.2,100,250,0,0,1,250,127,376,5.00E-126,452,NA,Clade_J.1,M._restricta_like,J,Clade_J
seq_213,Fungi,Basidiomycota,Exobasidiomycetes,Malasseziales,Malasseziaceae,Malassezia,Malassezia,restricta/arunalokei,KJ847248.2,99.6,250,1,0,1,250,127,376,2.00E-124,446,NA,Clade_J.1,M._restricta_like,J,Clade_J
seq_262,Fungi,Basidiomycota,Exobasidiomycetes,Malasseziales,Malasseziaceae,Malassezia,Malassezia,restricta/arunalokei,KJ847248.2,99.6,250,1,0,1,250,127,376,2.00E-124,446,NA,Clade_J.1,M._restricta_like,J,Clade_J
seq_20,Fungi,Basidiomycota,Exobasidiomycetes,Malasseziales,Malasseziaceae,Malassezia,Malassezia,restricta/arunalokei,KJ847248.2,100,250,0,0,1,250,127,376,5.00E-126,452,NA,Clade_J.1,M._restricta_like,J,Clade_J
seq_25,Fungi,Basidiomycota,Exobasidiomycetes,Malasseziales,Malasseziaceae,Malassezia,Malassezia,restricta/arunalokei,KJ847248.2,100,250,0,0,1,250,127,376,5.00E-126,452,NA,Clade_J.1,M._restricta_like,J,Clade_J
seq_114,Fungi,Basidiomycota,Exobasidiomycetes,Malasseziales,Malasseziaceae,Malassezia,Malassezia,restricta/arunalokei,KJ847248.2,99.6,250,1,0,1,250,127,376,2.00E-124,446,NA,Clade_J.1,M._restricta_like,J,Clade_J
seq_101,Fungi,Basidiomycota,Exobasidiomycetes,Malasseziales,Malasseziaceae,Malassezia,Malassezia,restricta/arunalokei,KJ847248.2,99.6,250,1,0,1,250,127,376,2.00E-124,446,NA,Clade_J.1,M._restricta_like,J,Clade_J
seq_110,Fungi,Basidiomycota,Exobasidiomycetes,Malasseziales,Malasseziaceae,Malassezia,Malassezia,restricta/arunalokei,KJ847248.2,99.6,250,1,0,1,250,127,376,2.00E-124,446,NA,Clade_J.1,M._restricta_like,J,Clade_J
seq_70,Fungi,Basidiomycota,Exobasidiomycetes,Malasseziales,Malasseziaceae,Malassezia,Malassezia,restricta/arunalokei,KJ847248.2,100,250,0,0,1,250,127,376,5.00E-126,452,NA,Clade_J.1,M._restricta_like,J,Clade_J
seq_71,Fungi,Basidiomycota,Exobasidiomycetes,Malasseziales,Malasseziaceae,Malassezia,Malassezia,restricta/arunalokei,KJ847248.2,100,250,0,0,1,250,127,376,5.00E-126,452,NA,Clade_J.1,M._restricta_like,J,Clade_J
seq_312,Fungi,Basidiomycota,Exobasidiomycetes,Malasseziales,Malasseziaceae,Malassezia,Malassezia,restricta/arunalokei,KJ847248.2,99.6,250,1,0,1,250,127,376,2.00E-124,446,NA,Clade_J.1,M._restricta_like,J,Clade_J
seq_75,Fungi,Basidiomycota,Exobasidiomycetes,Malasseziales,Malasseziaceae,Malassezia,Malassezia,restricta/arunalokei,KJ847248.2,100,250,0,0,1,250,127,376,5.00E-126,452,NA,Clade_J.1,M._restricta_like,J,Clade_J
seq_89,Fungi,Basidiomycota,Exobasidiomycetes,Malasseziales,Malasseziaceae,Malassezia,Malassezia,restricta/arunalokei,KJ847248.2,100,250,0,0,1,250,127,376,5.00E-126,452,NA,Clade_J.1,M._restricta_like,J,Clade_J
seq_4736,Fungi,Basidiomycota,Exobasidiomycetes,Malasseziales,Malasseziaceae,Malassezia,Malassezia,restricta/arunalokei,KJ847248.2,100,250,0,0,1,250,127,376,5.00E-126,452,NA,Clade_J.1,M._restricta_like,J,Clade_J
seq_343,Fungi,Basidiomycota,Exobasidiomycetes,Malasseziales,Malasseziaceae,Malassezia,Malassezia,restricta/arunalokei,KJ847248.2,100,250,0,0,1,250,127,376,5.00E-126,452,restricta/arunalokei,Clade_J.1,M._restricta_like,J,Clade_J
seq_2313,Fungi,Basidiomycota,Exobasidiomycetes,Malasseziales,Malasseziaceae,Malassezia,Malassezia,restricta/arunalokei,KJ847248.2,100,250,0,0,1,250,127,376,5.00E-126,452,NA,Clade_J.1,M._restricta_like,J,Clade_J
seq_379,Fungi,Basidiomycota,Exobasidiomycetes,Malasseziales,Malasseziaceae,Malassezia,Malassezia,restricta/arunalokei,KJ847248.2,100,250,0,0,1,250,127,376,5.00E-126,452,NA,Clade_J.1,M._restricta_like,J,Clade_J
seq_2559,Fungi,Basidiomycota,Exobasidiomycetes,Malasseziales,Malasseziaceae,Malassezia,Malassezia,restricta/arunalokei,KJ847248.2,100,250,0,0,1,250,127,376,5.00E-126,452,NA,Clade_J.1,M._restricta_like,J,Clade_J
seq_4819,Fungi,Basidiomycota,Exobasidiomycetes,Malasseziales,Malasseziaceae,Malassezia,Malassezia,restricta/arunalokei,KJ847248.2,100,250,0,0,1,250,127,376,5.00E-126,452,NA,Clade_J.1,M._restricta_like,J,Clade_J
seq_1540,Fungi,Basidiomycota,Exobasidiomycetes,Malasseziales,Malasseziaceae,Malassezia,Malassezia,restricta/arunalokei,KJ847248.2,100,250,0,0,1,250,127,376,5.00E-126,452,NA,Clade_J.1,M._restricta_like,J,Clade_J
seq_307,Fungi,Basidiomycota,Exobasidiomycetes,Malasseziales,Malasseziaceae,Malassezia,Malassezia,restricta/arunalokei,KJ847248.2,100,250,0,0,1,250,127,376,5.00E-126,452,NA,Clade_J.1,M._restricta_like,J,Clade_J
seq_707,Fungi,Basidiomycota,Exobasidiomycetes,Malasseziales,Malasseziaceae,Malassezia,Malassezia,restricta/arunalokei,KJ847248.2,100,250,0,0,1,250,127,376,5.00E-126,452,NA,Clade_J.1,M._restricta_like,J,Clade_J
seq_305,Fungi,Basidiomycota,Exobasidiomycetes,Malasseziales,Malasseziaceae,Malassezia,Malassezia,restricta/arunalokei,KJ847248.2,100,250,0,0,1,250,127,376,5.00E-126,452,M._globosa,Clade_J.1,M._restricta_like,J,Clade_J
seq_1623,Fungi,Basidiomycota,Exobasidiomycetes,Malasseziales,Malasseziaceae,Malassezia,Malassezia,restricta/arunalokei,KJ847248.2,100,250,0,0,1,250,127,376,5.00E-126,452,M._globosa,Clade_J.1,M._restricta_like,J,Clade_J
seq_2766,Fungi,Basidiomycota,Exobasidiomycetes,Malasseziales,Malasseziaceae,Malassezia,Malassezia,restricta/arunalokei,KJ847248.2,100,250,0,0,1,250,127,376,5.00E-126,452,M._globosa,Clade_J.1,M._restricta_like,J,Clade_J
seq_3611,Fungi,Basidiomycota,Exobasidiomycetes,Malasseziales,Malasseziaceae,Malassezia,Malassezia,restricta/arunalokei,MT645561.1,100,250,0,0,1,250,51,300,5.00E-126,452,NA,Clade_J.1,M._restricta_like,J,Clade_J
seq_437,Fungi,Basidiomycota,Exobasidiomycetes,Malasseziales,Malasseziaceae,Malassezia,Malassezia,restricta/arunalokei,KJ847248.2,99.6,250,1,0,1,250,127,376,2.00E-124,446,arunalokei,Clade_J.1,M._restricta_like,J,Clade_J
seq_590,Fungi,Basidiomycota,Exobasidiomycetes,Malasseziales,Malasseziaceae,Malassezia,Malassezia,restricta/arunalokei,KJ847248.2,100,247,0,0,4,250,113,359,2.00E-124,446,restricta/arunalokei,Clade_J.1,M._restricta_like,J,Clade_J
seq_1886,Fungi,Basidiomycota,Exobasidiomycetes,Malasseziales,Malasseziaceae,Malassezia,Malassezia,restricta/arunalokei,KJ847248.2,96.8,250,8,0,1,250,107,356,3.00E-115,416,arunalokei,Clade_J.1,M._restricta_like,J,Clade_J
seq_559,Fungi,Basidiomycota,Exobasidiomycetes,Malasseziales,Malasseziaceae,Malassezia,Malassezia,restricta/arunalokei,KJ847248.2,99.6,249,1,0,2,250,109,357,7.00E-124,444,restricta/arunalokei,Clade_J.1,M._restricta_like,J,Clade_J
seq_1474,Fungi,Basidiomycota,Exobasidiomycetes,Malasseziales,Malasseziaceae,Malassezia,Malassezia,restricta/arunalokei,KJ847248.2,99.2,250,2,0,1,250,108,357,2.00E-123,443,restricta/arunalokei,Clade_J.1,M._restricta_like,J,Clade_J
seq_169,Fungi,Basidiomycota,Exobasidiomycetes,Malasseziales,Malasseziaceae,Malassezia,Malassezia,restricta/arunalokei,KJ847248.2,99.6,250,1,0,1,250,127,376,2.00E-124,446,restricta/arunalokei,Clade_J.1,M._restricta_like,J,Clade_J
seq_91,Fungi,Basidiomycota,Exobasidiomycetes,Malasseziales,Malasseziaceae,Malassezia,Malassezia,restricta/arunalokei,KJ847248.2,99.6,250,1,0,1,250,127,376,2.00E-124,446,restricta/arunalokei,Clade_J.1,M._restricta_like,J,Clade_J
seq_157,Fungi,Basidiomycota,Exobasidiomycetes,Malasseziales,Malasseziaceae,Malassezia,Malassezia,restricta/arunalokei,KJ847248.2,100,250,0,0,1,250,127,376,5.00E-126,452,NA,Clade_J.1,M._restricta_like,J,Clade_J
seq_198,Fungi,Basidiomycota,Exobasidiomycetes,Malasseziales,Malasseziaceae,Malassezia,Malassezia,restricta/arunalokei,KJ847248.2,100,250,0,0,1,250,127,376,5.00E-126,452,NA,Clade_J.1,M._restricta_like,J,Clade_J
seq_2,Fungi,Basidiomycota,Exobasidiomycetes,Malasseziales,Malasseziaceae,NA,Malassezia,restricta/arunalokei,KJ847248.2,100,250,0,0,1,250,127,376,5.00E-126,452,restricta/arunalokei,Clade_J.1,M._restricta_like,J,Clade_J
seq_76,Fungi,Basidiomycota,Exobasidiomycetes,Malasseziales,Malasseziaceae,Malassezia,Malassezia,restricta/arunalokei,KJ847248.2,100,250,0,0,1,250,127,376,5.00E-126,452,restricta/arunalokei,Clade_J.1,M._restricta_like,J,Clade_J
seq_99,Fungi,Basidiomycota,Exobasidiomycetes,Malasseziales,Malasseziaceae,Malassezia,Malassezia,restricta/arunalokei,KJ847248.2,100,250,0,0,1,250,127,376,5.00E-126,452,restricta/arunalokei,Clade_J.1,M._restricta_like,J,Clade_J
seq_124,Fungi,Basidiomycota,Exobasidiomycetes,Malasseziales,Malasseziaceae,Malassezia,Malassezia,restricta/arunalokei,KJ847248.2,100,250,0,0,1,250,127,376,5.00E-126,452,restricta/arunalokei,Clade_J.1,M._restricta_like,J,Clade_J
seq_1303,Fungi,Basidiomycota,Exobasidiomycetes,Malasseziales,Malasseziaceae,Malassezia,Malassezia,restricta/arunalokei,KJ847248.2,100,250,0,0,1,250,127,376,5.00E-126,452,restricta/arunalokei,Clade_J.1,M._restricta_like,J,Clade_J
seq_4797,Fungi,Basidiomycota,Exobasidiomycetes,Malasseziales,Malasseziaceae,Malassezia,Malassezia,restricta/arunalokei,KJ847248.2,100,250,0,0,1,250,127,376,5.00E-126,452,arunalokei,Clade_J.1,M._restricta_like,J,Clade_J
seq_5206,Fungi,Basidiomycota,Exobasidiomycetes,Malasseziales,Malasseziaceae,Malassezia,Malassezia,restricta/arunalokei,KJ847248.2,100,250,0,0,1,250,127,376,5.00E-126,452,NA,Clade_J.1,M._restricta_like,J,Clade_J